"","label","tweet","human","gpt"
"1","love","Pixy ini kok lama-lama gemesim yaaaa. Setelah jatuh cinta sama lip cream nya, kayak nya bakal jatih cinta sama yang lain. Huft [URL]",4,"5"
"2","fear","Penyakit hepatitis B 100x lebih infeksius dari HIV/AIDS Duhh serem! Dan belum ada obatnya.",2,"2"
"3","fear","[USERNAME] [USERNAME] [USERNAME] Gw lebih khawatir lg kalo Ahok jd jurkamnya Jokowi bro. Nemo movement malah berbalik jd ikon punya Jokowi. Persis kejadian 212 yg jd panggung Jkw",2,"2"
"4","anger","Kemerdekaan adalah hak segala bangsa ...( Kec Yahudi,Kurdi , Catalonia , Koptik ) sbgmn kita menutup mata terhadap Penjajahan Yaman dan Qatar.Artinya standart ganda ...",1,"1"
"5","happy","Selamat pak [USERNAME] resmi jadi bapak, sekedar saran sering sering si jagoan dikasih dengar lagu YNWA sama tonton pertandingan Liverpool... Biar ngerti sejarah dan kesetiaan haha",5,"5"
"6","sadness","Pas aktip di ig merasa twitter ini tempat melarikan diri. Pas lbh sering mencuit, merasa ig itu mall... aku dangkal, butuh hingar, mau di pasar",3,"5"
"7","anger","Awal nonton cuma 4 orang tenang bgt.. 25 menit film berjalan dan begitu masuk segerombolan alayers lansung bising nya gak ketolong..",1,"1"
"8","sadness","Bukan gw yang ga mau ikut bukber, tapi dompet yang protes ""bukber mulu lu gw ga di isi isi, dompet gendutin, badan lu kurusin jangan kebalik"" Oke sip besok ku lembur baghai qhuda",3,"3"
"9","fear","jadi takut buat nikah...buat punya anak...takut kalo saya nikah saya ga bisa bahagiain pasangan...takut kalo punya anak nanti saya banding bandingin...",2,"2"
"10","happy","BTW, salut dengan siapapun yang bikin ad Tokopedia yang cerita masa lalu seseorang tentang nabung buat makan udang. Dengan narasi yang cukup simple tapi bisa langsung ngena ke gua emotionally. Well done",5,"5"
"11","fear","Pagi ini Surabaya mendungnya rata banget, jangan biarin rasa meger menguasai jiwa &amp",2,"3"
"12","fear","[USERNAME] [USERNAME] Tidak disemua tempat kita boleh melaksanakan sholat, salah satunya di bangunan yang didirikan untuk kekafiran (salah satunya gereja). Aku berlindung kepada ALLAAH SWT. dari godaan setan yang terkutuk. [URL]",2,"2"
"13","anger","Akhirnya jamaahnya tercuci otak, seakan-akan memilih paslon pilkada itu karena kewajiban dari imam besarnya. Bagi mereka program paslon ga penting, yg penting takbir terus milih.",1,"1"
"14","sadness","Sampe rumah masuk2 dijudesin bokap bilang gini kamu lama2 kayak artis ya! Terus gw bingung.. lah ngapa Perasaan tadi brgkt cuman bedakan plus gincu arab an, karna emg ganiat mau kemana2.. (fyi gincu arab itu ga menor samsek kek natural gt) terus gw ngaca ajg kok gw menor bgt",3,"3"
"15","anger","Hai para penghujat KPOPers. Aku pikir musik itu selera, kaya makan mie instan, kamu suka mie sedap aku suka indomie. Aku suka korean, kalian suka pop, ada yg dandut, and more ~ simpel sekali ~ hanya masalah pilihan yg nyaman di telinga aja kok.",1,"5"
"16","love","tiap kali baca kisah2 zaman nabi, rasa jatuh cinta dgn semuaaaaa. mlm ni baca saidina umar dlm hati... ya allah saidina umar",4,"5"
"17","sadness","[USERNAME] [USERNAME] Anak sipil kuliah 4tahun buat lulus ada jerih payah tiap detiknya, cuma dinyirnyirin gak jelas gini, ya Allah ya Rabb, mulut netizen Maha Benar memang :""",3,"1"
"18","love","buat aku juga kan eh ada mas adi makasih :3 semangat ya buat kamu :",4,"5"
"19","fear","[askmf] kamu kalo pergi ke psikolog pertamanya ngomong apaan? Kan aku mau jelasin terus dia tiba-tiba motong ucapanku. Tapi dia tau masalahku lewat tes gitu. Cuman aku takut nggak diperhatikan bgt gitu.(?)",2,"2"
"20","happy","Self Titled - Bin Idris (2016) Q tau mz haikal cs jago bgt bikin ambience jd nada di Sigmun, di album ini w kaget soalnya lagu2nya sm ambience di MV nya bener2 persis sm apa yg gue bayangin pas denger lagunya. Keren. W suka lagu Dalam Wangi, Calm Water, Rebahan",5,"5"
"21","sadness","[USERNAME] 1minggu sebelum bapak meninggal agak sedikit membuat bapak marah, dan penyesalanku adalah blm sempat meminta maaf sampai bapak meninggal",3,"3"
"22","sadness","Throwback video Launching lagu takkan terhenti disini, di tahun 2010, dimana salah satu kaka saya yg ada di video ini sudah meninggal 3 thn lalu. Hoek hiks. [USERNAME] [USERNAME] [URL]",3,"3"
"23","sadness","[USERNAME] [USERNAME] [USERNAME] [USERNAME] Betul mas. Sayapun kecewa, karena Rahtawu merupakan salah satu objek alam yang menjadi favorit masyarakat Kudus.",3,"3"
"24","anger","Makanya pernah saya sampaikan kepada anda [USERNAME] jangan kebanyakan baca novel, nonton film dan nonton mak lampir, pahami saja KESELURUHAN isi Kitab Suci Al-Qur'an. Akhirnya anda nyasar kan ? ......... I T U. [URL]",1,"3"
"25","happy","Hepibesdey mbaak canteeeekk [USERNAME] panjang umur, sehat selalu serta mulia dan jadi pribadi yang jauh lebih baik tetep mentel yee tapi jangan jadi simpenan orang",5,"5"
"26","anger","[USERNAME] [USERNAME] [USERNAME] udah mirip ama sodara anjingnya lu cuuk jancuk hahahaha itu pribadi bukan golongan tagih gih ama orangnya hahahaha #BonekSelamanyaJancok",1,"1"
"27","happy","Kecerian Bersama Teman-teman BARU itu sangat Mengasikkan. . #KeluargaBaru . Salam Gowes [USERNAME] [URL] republiksepeda mtb_indo bikestable [USERNAME] gowesnusantara gowes_holic",5,"5"
"28","anger","[USERNAME] [USERNAME] [USERNAME] [USERNAME] [USERNAME] [USERNAME] yg penting janji itu di buktikan dgn kerja nyata, bukan hanya diucapkan saja....jgn pas pilkada dekat dgn rakyat, bila sudah terpilih...lupakan janji itu....kita tunggu saja .....",1,"3"
"29","love","Setelah lulus SMA papa akan sedikit memaksamh untuk menjadi dokter atau insinyur. Ketahuilah, bahwa seluruh paksaan yang dilakukan papa itu semata mata hanya karena memikirkan masa depanmu nanti. Tapi toh papa akan tersenyum dan mendukung saat pilihanmu tdk sesuai dgn papa.",4,"5"
"30","happy","Nah hari ini kaka gue memutuskan naikin uang makan gue biar ga makan di kfc mulu, ga bergizi katanya. Dan di hari pertama uang makan gue naik, gue memilih buka puasa pake baso uang makan ada kembalian, hati happy. Makan mah yg penting bismillah",5,"5"
"31","anger","Jangan main2 dengan SARA. Mereka yang bermain dengan SARA apalagi mendekati tahun politik, hampir dapat di pasti ujungnya konflik. [URL]",1,"2"
"32","anger","SIAPA YG BILANG PUNYA ANAK MENYENANGKAN TEROS *sodorin anak yg tantrum karna ngantuk tp gak mau bobo* *istigfar kenceng2*",1,"3"
"33","love","Jadi demen sama oppa ini huhuhuhu",4,"5"
"34","sadness","Lebih baik mendengar suara bom, guntur, geledek, petir, atau gunung meletus daripada mendengar suara tangismu yang buat aku tak bisa berbuat apa-apa.",3,"3"
"35","fear","[USERNAME] jujur iya aku takut, soalnya aku takut keciduk pas naik/turun dari mobil di suatu tempat :))) om aku driver ojol takutnya beliau liat :)))",2,"2"
"36","anger","Pecinta kpop salty? Ya siapa sih yg suka every one insulting things or people whom you passionate about Lo nya aja otaknya pada gaada . EQ nya jongkok Belajar menghargai . Percuma belajar ppkn",1,"1"
"37","anger","Lambat laun kok makin ga jelas dan semakin kurang ajar. Gw sabar. Jujur ya, gw ga pernah dan ga mau scr frontal maki org. Gw blg baik2, nasehatin. Scr adek2.",1,"3"
"38","fear","BESOK UDAH MULAI KERJA YAAMPUN, DAG DIG DUG TAKUT SUSAH BANGUN UDAH MULAI KERJA JAM 6 PAGI, SAMPE BIKIN ALARM KAYA GINI TAKUT GA BISA BANGUN PFFFT. [URL]",2,"2"
"39","happy","benar tidak-kangenya nanti bong lagi wakaka",5,"5"
"40","happy","[USERNAME] suka skinship cuma ama pacar. peluk cium nangkring di paha duduk di pangkuan ya gitu deh wkwkw klo ama temen cwek agak canggung nyahah",5,"4"
"41","happy","iya semoga itu karya terbaik mu adalah skripsi mu dan lucua2n mu tapi harapan aku dari kamu adalah kesembuhanmu nold",5,"3"
"42","love","Aku tau berdoa itu bisa kapanpun dimanapun tapi dasarnya aku kangen terus jadi aku mau usahain tiap minggu ketemu papalove you so much daddy sayang papaa... Bersyukur pas papa masi hidup papa sama aku slalu sayang2an, ngomong sayang, cinta ya kita bkn lewat medsos doang [URL]",4,"5"
"43","sadness","galau -> bingung mau ngpain tapi malas mau ngapain",3,"3"
"44","sadness","Sumpahya ngeliat blekping jd pengen punya rambut panjang lagi hikz :( tapi sampe kapanpun rambut panjang w ga bakalan kayak mereka heeeft [URL]",3,"3"
"45","happy","Well, ternyata yg punya bali nature lumayan awet baunya. Td sore iseng usap2 di tangan trus ditempelin ke bantal. Ku tinggal pergi sejam 2 jam ehh baunya masih ninggal~ lumayan, alternatif untukku yg sering wahing kena farfumm~  [URL]",5,"5"
"46","sadness","Aliran darahku menghantarkan rasa rindu di sela-sela sel otakku yang terus berbisik untuk mengucapkannya, tapi aku tidak mampu, bahkan hanya untuk menyiratkannya. [URL]",3,"3"
"47","love","Cuma [USERNAME] yang ngerti cara nanganin aku kalau aku udh ngamuk2, sayang sama aku tanpa nyuruh aku buat berubah jd orang lain, sabar, pengertian, org yang selalu maju paling depan kalau ada yg macem2in aku",4,"5"
"48","fear","Pertanyaan yg bakal ditanya nanti pas lebaran itu pasti begini ""galuh udah selesai? "" - Alhamdulillah udah bisa jawab. "" sekarang kerja dimana? "" - Alhamdulillah udah bisa jawab. "" kapan nikahnya? "" - Alhamdulillah, eum..itu..anu..eh.. ((JEDERRRRRRR))",2,"3"
"49","fear","gara2 pernah baca orang ditelp cuma ditanya ""benar ini dengan (sebut nama yg ditelp)?"" dan si penerima jawab ""iya"" abis itu ditutup telpnya, sekarang tiap angkat tlp dr nomor ga dikenal selalu balik nanya dr siapa, perlu apa, sebelum jawab nama gue bener yg dia sebut. ngeri cuy",2,"2"
"50","happy","Jadi sekarang bokap-nyokap gue ga ngasih THR gitu, Buat anak2, dia sedia snack, atau coklat kecil2 bungkusan gitu, buat dibagi, mirip2 Halloween di Amrik gitu lah",5,"3"
"51","love","Yg romantis bikin gemash dan degdegann kkk pokoknya bikin senyum2 dan bikin aku pingin kiss attack! cowo romantis ada aja hal yg bakal dia lakuin buat patnernya aiguuuu fav bgt laki2 yg begitu",4,"5"
"52","fear","Ini pas banget! Gue habis baca buku ada bule PDKT bilang cariin rumah sama.mobil. dicariin mobil sama rumah mewah si bule Ok dan niat kirim uang sekitar $100jt tp pake pos. Bilang sama hadiah lain. Tp gak masuk akal kirim yang sebanyak itu pake pos [URL]",2,"1"
"53","love","sesayang apaa? sayang banget banget bangeeeet sampe susah buat ngungkapinnya. dan sayangnya tuh beda banget ga kayak fans ke idol, tapi kayak ke saudara sendiri, kayak ke adek sendiri, kayak ke anak sendiri jugaa dan rela banget buat",4,"4"
"54","love","Selamat subuh untuk jiwa yang sedang merasakan teduh. Keluarlah ke suatu titik yang jika ketik kau berada pada titik itu kau merasa aku ada pada hatimu",4,"4"
"55","fear","Lagi tiduran sambil main hp, tiba2 kasur kok goyang. Karna malam ini tidur sendiri di kamar yg blm beradaptasi sama 'penghuni kamar'nya, jadinya aku ngerasa takut dan berdoa dan baca ayat2. Kirain ada 'makhluk' mau gangguin tidurku.",2,"2"
"56","sadness","kenangan SMA, tiap pulang sekolah sebelum pulang minta uang ke temen2 cewek masing2 seribu bilangnya buat bensin, tapi malah nyasar ke warung nongki beli udud hahahahah :(",3,"5"
"57","anger","[USERNAME] Kalah sudah kalah pamor ya beginilah jadinya, ngomongnya asal njeplak Wae, melemahkan seseorang, menciptakan ujaran kebencian, menyebarkan berita HOAK dll. Tak pantaslah seorang yang katanya tokoh nasional di negeri ini, bicaranya selalu k",1,"1"
"58","anger","[USERNAME] [USERNAME] Ini Negara Hukum. Hkm hrs menjadi panglima. Jika ada yg tdk spendapat dgn apa yg dsampaikn Polri lakukan upaya hukum drpd hny nyinyir saja.",1,"1"
"59","anger","Pan sini mau belajar bayar pajak yg bener ya.. kalo ga tau, nanya nanya ya pastilah datang ke kantor pajak. Ndak dapat pencerahan malah dapetnya emosi. Kalo males bayar pajak karena ribet, tar jadi masalah lagi.. Kan lucu..",1,"1"
"60","love","Neng,cinta Abang ke Eneng tuh seujung kuku..kecil tp slalu tumbuh tiap hari.",4,"4"
"61","love","ku tatap wajahmu saat pertama kita bertemu terasa bergetar jiwaku saat kau tersenyum padaku i love u. #ARMYSelcaDay [USERNAME]",4,"4"
"62","anger","Lalu bagaimana dengan negara? Mereka akan kehilangan banyak pendapatan dari cukai rokok. Hutang negara akan semakin banyak. Ah, itu kan hanya pembenaranmu saja. Coba lihat ini! Bagaimana? Apa pendapatmu masih sama? [URL]",1,"3"
"63","sadness","Jangan sengaja menghilang jika hanya sekedar ingin dicari,satu hal yang perlu kamu ketahui bahwa yang hilang tak selalu dicari tapi juga bisa diganti.",3,"3"
"64","sadness","Helloo, Liburan Kapan Liburan... Kerja teyuss, Lebaran pun ON teyus Liburan Sekolah udah mau Selesai  elisoulea . . . . . #kapanliburanlagi",3,"5"
"65","anger","[USERNAME] Coba dikasih jelas ke [USERNAME] dan pasukan nya.... biar ga ngebubarin pengajiannya Ust [USERNAME] dgn alasan HTI ormas terlarang [URL]",1,"3"
"66","happy","Mau Ngucapin Happy Birthday yg ke 24 buat de' Nursehah. smoga berkah umur &amp",5,"5"
"67","fear","Takut semester ini gak bakalan maksimal. Belajar yang seharusnya 2 semester satu tahun jadi cuma 6 bulan. Pulang sore berangkat pagi, pkl 6 bulan. Alamat setres dadakan.",2,"2"
"68","anger","Rasional juga cara pikir Yassona, karena partainya paling banyak koruptor pak",1,"1"
"69","sadness","Daun yang jatuh tak pernah membenci angin, dia membiarkan dirinya jatuh begitu saja. Tak melawan, mengikhlaskan semuanya. Bahwa hidup harus menerima, penerimaan yang indah.",3,"5"
"70","anger","ish sialan sangat punya teman macam kamu hahaha xp",1,"1"
"71","anger","Asal ngomong dan udah pasti ngawur. Kasihan PKI dijadikan kambing hitam terooos.",1,"1"
"72","happy","karna kesiangan, lapar dan belum mandi. pagi ini ku memulai hari dengan menguji kemultitaskingan diri sendiri dengan memasak mie sekaligus mandi :) nyalain kompor, masukin telor + mie. lalu ku mandi~ beres mandi, mie pun beres.",5,"5"
"73","anger","[USERNAME] biasanya jam segini sinyal bagus... Nah ini tetap aka buruk, Sama kayak d siang hari.... Semakin hari Kualitas Sinyal Smkin kacauu",1,"3"
"74","fear","Khawatir sih, takut terjadi yang aneh2 ama dia. Tapi aku tetap ngekeh ngga mau hubungi dia dulu.",2,"2"
"75","fear","[USERNAME] Hihi itu kok nyeremin banget ya. Juur sih aku ga percaya gitu gituan tapi jujur juga kalo sendiri gue ngrasa takut. #Trans7RumahUya2507 #RumahUya2507",2,"2"
"76","sadness","Generasi Jara Pacoa . . Terik pagi tadi mengantarkan saya ke sebuah pantai yang sudah termasyhur namanya di bima yaitu pantai Kalaki, pantai yang tidak seindah pada masanya sekarang di [URL]",3,"5"
"77","happy","[USERNAME] waduuuh udahlah rame pisan kalo ibu ibu snsd qu ngerumpul semua haduu tapi gapapa yakk?? tar aku kirim ke gdm yaakkk lah iya wkwk udah di follback ya sayang quuu",5,"5"
"78","anger","Mau seberapa hebat akses komunikasi berbasis internet, sebuah pemberitahuan yang di kabarkan dalam bentuk cetak dan dapat di konsumsi umum justru lebih di butuhkan tanpa harus peduli jumlah kuota. Tinggal tempel, apa susahnya? Tolonglah jangan dipersulit urusan yang mudah itu...",1,"1"
"79","anger","Dear [USERNAME] tolong dengan sangat, para driver di edukasi kembali. Kalo emang nomernya ganti, itu di info di aplikasi. Saya sampai harus cancel 2x karena driver tidak bisa dihub sama sekali (chat gak di bales & telp gak aktif). Terima kasih.",1,"3"
"80","anger","Orang yg tidak dewasa adalah orang yg membenci mantannya (mantan pacar/suami) Mereka yg membenci mantan adalah yg tidak faham arti cinta dan kasih sayang. Malah gak jarang ada orang yg ngata-ngatain mantannya setan, anjing, babi, dll. Buset, dulu kenapa mau pacaran sama Setan ?",1,"3"
"81","fear","saking takut salah ngetik mo ngechat ke dosen wali, gue ngetiknya di note dulu setelah itu perbaiki-perbaiki-copy-paste ke roomchat-cek-cek-cek lagi-delete-buka note lagi-perbaiki-perbaiki-buka whatsapp-close-gajadi chat deh mules gue mo pup dulu aku lemah",2,"2"
"82","anger","[USERNAME] [USERNAME] [USERNAME] [USERNAME] [USERNAME] Naaahhhh keookkk kan.. ?? Bong terbang ke langit dululah jngan berkutat di kolam kerruh.!",1,"5"
"83","sadness","Kangen mama :( buat temen2 yg masih ditemeni mamanya ataupun kedua ortu. Kalian sangat beruntung.. sayangi mrk selagi msh ada kesempatan [URL]",3,"3"
"84","happy","Bahagia itu jika beli paketan segiga dan nyatanya sampai saat ini habis lebih dari limagiga dan masih lancar buat internetan. Mayanlah wkwk eh Alhamdulillah",5,"5"
"85","love","[USERNAME] mencintai jaewon bisa, menyayangi jaewon bisa, jadi bucin jaewon bisa, jadi istri yang baik buat jaewon bisa, request aja maunya apa",4,"4"
"86","anger"," TIDAK TERBUKTI MEMBERI CONTOH PERBUATAN BAIK, pada kami yg nakal. ayo bang, DO MORE, TALK LESS while leading.",1,"5"
"87","happy","abis sahur, sembahyang subuh balek tidur lagi, bangun jam 6.30 dan sampe ruangan jam 7 kurang 5 menit, sptinya saya harus mengapresiasi diri sendiri krn dpet mandi, seragaman, pake bedak sm gincu dan berjalan dlm waktu 50 menit",5,"5"
"88","happy","Semalam super random bangets beli tiket ke Makassar. Padahal abis beli tiket baru kepikiran, mau ngapain yak di Makassar?. Kangen jalan se-random dulu lagi.",5,"5"
"89","sadness","gue benci hutang tapi jujur juga belum bisa 100 % lulus dari jeratannya. masih seneng sm dunia. tapi kalo bisnis udah pake uang yang kita aja belum tau laku berapa tapi udah mendahului Allah. bakal abis buat nutupin tu bisnis.",3,"3"
"90","sadness","Jaman dulu fotografer masih jarang maen photoshop, foto yg banyak micin'nya banyak yg suka. Sekarang setelah banyak aplikasi photoshop yg semua orang bisa download free di hp, orang udah mulai mual lihat foto yg kebanyakan micin",3,"3"
"91","sadness","Karena dialog ini, semalaman aku merenung, apa iya masih ada Tuhan? Kalaulah ada, apa iya masih ingat dengan janjiNya untuk membuat kiamat? Apa iya Tuhan peduli pada Indonesia? Apa iya Tuhan peduli padaku? Kukira tidak!",3,"3"
"92","anger","Apa seneng banget ya refreshing? Seneng banget gitu mencari udara segar? Lah kalo udah terlaku sumpek disini ya kan mending gausah lebay2 minta pulang kesini kan? Kita udah ga minta2 dia selalu disini kaya dulu loh.",1,"5"
"93","anger","drpd keseel aja mikirin omongan nyokap gw kmrn ..ntr mau nyantai aja tenangin otak ngadem lama nongki di BK Balkot aja dah sampe sore [URL]",1,"3"
"94","anger","Then, kalaupun gue jarang sama si x akhir-akhir ini, mungkin kita sedang memasuki dinamika pertemanan yg rumit, yey yg namanya manusia pasti ada slek-slekkan nya la ya. Ga mungkin akur terus, ga asik dong akur terus. Terus gue mesti jelasin k lu semua yg pada nanya, ga kan?",1,"5"
"95","love","Cinta pandangan hati adalah anugerah. Cinta yang tumbuh dari hati meninggalkan rasa sayang yang sangat mendalam. Bila seseorang dapat merasakan cinta yang tumbuh dari hati, itulah yang disebut cinta sejati.",4,"4"
"96","fear","asli parno bgt kebangun ada bunyi2 deket telinga dan ada yg nonjol gtu di balik gorden",2,"2"
"97","fear","Aku dulu nemu ig nya dia. Pas dia lg liat camera gitu serem dah. Itu gatau pake softlens atau gimana tapi matanya tuh jd gede bgt",2,"5"
"98","fear","Lagian yaallah ini kuliah ditempat biasa aja bayaran pernah nunggak trs sampe jual mobil gatau deh buat apa mana rumahnya pindah2 jdkan w takut",2,"2"
"99","anger","Kenapa tak minta UMKM Jakarta produksi tong sampah dr stainles steel? Katanya mau mengurangi pengangguran. Lebih 9 milyar diberikan ke jerman&gt",1,"1"
"100","anger","Bnyk orng marah Krn [USERNAME] bilang PKS melahirkan 2 koruptor Besar. Katanya itu OKNUM. Goblog keterlaluan. Oknum berlaku untuk kelas KROCO. Kalau kelas kakap apalagi presiden kok oknum Memang dia bisa dapat projek tipu-tipu kalau bukan karna presiden Parte? [USERNAME]",1,"1"
"101","sadness","Kereta ke arah Rangkas pasti ini wkwkwkw..I feel banget sih perjalanan sejauh ini berdiri...tapi semoga kedepannya bisa disiplin lagi",3,"3"
"102","anger","Seni dari demokrasi yah bisa saling mengkritik dan mempatuahi, mau sekarang beliau presiden, sekjen PBB atau siapalah. Gamau dikritik? Mati ajah mungkin disurga kamu damai akan kritik, tapi masih mungkin yah belum pasti. Ha.",1,"1"
"103","happy","Misi mas numpang ngamen 'Kau membuatku merasakan Indahnya jatuh cinta Indahnya dicintai Saat kau jadi milikku Makasih,, Kalo gapunya receh pake cinta juga gapapa mas [USERNAME] [URL]",5,"4"
"104","fear","#ygl aku takut perasaan ini semakin mendalam jika kita terus bersama, terlebih semenjak aku tau ada hati lain yang menunggumu juga hyung. Aku semakin takut. [URL]",2,"2"
"105","happy","[USERNAME] Wkwk malese talah. Contoh suudzon dalam cemburu: Gaberani duduk sebelahan ketika ada dia doi dan kamu. Mikirnya ""tuhkan knp sih gamau sebelahan, pasti biar ga dikira nempel terus ma aq"" Wkwkkwwk pdhl gr2 sebelahmu dah ada temen yg lain.",5,"5"
"106","happy","Potong pepaya, leci, blueberry. Bikin overnight oatmeal dan madu. Seketika saya merasa sehat. . . . . Padahal dimakan aja belum~ Semua hanya fatamorganaaaaaaa..",5,"5"
"107","love","[USERNAME] Cinta terhadap negara merupakan bentuk bela tanah air. Jadilah pahlawan untuk negara dalam bentuk manifestasi menghargai tamu negara yang sedang di undang negara kita.",4,"4"
"108","anger","Lah elu yang harusnya ditanya teh, kenapa bisa berasumsi guw mah kacang tanpa kulit, maksudnya apa hayo? Ke sana juga kan maksud loooo",1,"1"
"109","anger","bukan soal idolamu yang khilaf, bukan soal lebay si artis. ini soal sexual harrasement yang dijadiin komentar bercanda dan dianggap biasa aja. ah. sudahlah. semoga bukan kamu, atau orang yang kamu kenal yang diperlakukan begitu dulu, baru kamu sadar.",1,"3"
"110","sadness","Aku bingung kok dia tiba tiba diem engga manggil aku dan tanya2 lagi, nah tak dengerin bener2 kok nafasnya anteng banget eh ternyata udah dibuat nyaman sama bantal guling dan kasur",3,"5"
"111","love","Dear Naomi.. Tumbuhlah jadi anak yang solehah, yang selalu ingat, sayang, dan selalu mendoakaan kedua orang tua mu.. tumbuhlah menjadi anak yang baik hatinya, baik ibadahnya",4,"5"
"112","anger","Oke an ini buat pertama dan yang terakhir kalinya pergi kehotel gak pakai mandi pakai sendal jepit dan udah macam gembel, udah sampai hotel disuruh naik tangga,dan keselnya ada lift disana kenapa disuruh naik tangga?? Untung lagi puasa ini mbak mbak",1,"1"
"113","happy","Terima kasih kak [USERNAME] Cantik Lukis Digitalnya ka Dinda juga yaa",5,"5"
"114","fear","Ngeri.. Ternyata Popok Seklai Pakai Jadi Pemicu Utama Infeksi Saluran Kencing Jangan lengah dengan kepraktisan popok sekali pakai. Karena jika tak perhatikan hal ini, bahaya bisa mendekati si kecil",2,"2"
"115","fear","Liat boneka susan aja sudah ampun. Lha ini malah diajakin nonton film horror boneka sabrina.",2,"2"
"116","fear","dek, saya cuma takut, perasaan saya akan melebihi batas sebagai kakak kelas. berhenti ya? sekalipun alasan kamu mengabari saya adalah karena bosan.",2,"2"
"117","happy","Gua gatau kalo tweet ini akan banyak yg support tapi mau bilang makasih dan semua member bangtan pantes buat di sayaang. Army sayang bangtan kan? Jangan terpecah belah ya. Harus kuat dan sayang semuanya. Saling memaafkan sesama army, jangan sampe sesama army malah saling benci",5,"5"
"118","sadness","harus diakui, perasaan paling menyesakkan adalah saat menerima undangan pernikahan dari mantan. mantan saingan, mantan gebetan, mantan pacar, manatan teman dan mantan-mantan lainnya.",3,"3"
"119","happy","Meskipun raganya telah tiada tapi jujur salah satu orang yg bikin penasaran dalam hidup Mas Tyoo. WHY? Krn gak pernah lihat Bung Besar ini di Televisi, beda sama Pak Soeharto. Namun.. Bendera MERAH PUTIH yang selalu berkibar adalah salah satu bukti NYATA PERJUANGAN BUNG BESAR",5,"5"
"120","happy","Persahabatan itu harus mempunyai telinga untuk saling mendengar, tangan untuk saling menolong, dan hati untuk saling memahami. -5 cm . Selamat Hari Persahabatan Internasional",5,"4"
"121","happy","[USERNAME] @8rianna_ Hadir min, salam ane di segmen salsa icikiwir minta to long bacain ya [USERNAME] [USERNAME] [USERNAME] trimakasih!",5,"5"
"122","happy","Desain razer mirip banget mbp. Malah lbh modern dgn bezel tipis. N kemampuan untuk gaming. Artinya spek lbh baik n desain elegan. Lama kelamaan hipnotis apple akan pudar. Contoh nya $[USERNAME]",5,"5"
"123","sadness","Menggapai cita2 kadang bukan hal mudah. Cita2 pengen jadi dokter, tpi gak ada uang. Cita2 pengen jadi tentara tapi gagal tes kesehatan. Pengen jadi artis tpi orang tua pengen anaknya jadi insinyur. Ngiri gak sih sama orang2 yg dikasih kesempatan terbuka lebar tpi gak dimanfaatin?",3,"3"
"124","sadness","Banyak maba dikampus, mereka tidak tau kalo kuliah itu gak kayak difilm film, pada sumringah semua. Ntar sebulan kuliah, langsung kusut muka.",3,"3"
"125","anger","Oke, lanjut siap bukber sama tmn kampus ke rumah tmn, katanya deket, tp untung w puasa jd sabar, muacet poll dimana. Sampe rumah temen, baru cuma ada w & 1 orang!",1,"5"
"126","sadness","Mengapa hidup ini ada yang mengatakan kejam? Mungkin dia menganggap hidup ini sebagai pertarungan juga arena persaingan. Kalau dia berfikir layaknya petani, maka hidup ya seperti bercocok tanam, ia akan merasa diantara harapan & ketakutan",3,"3"
"127","happy","Pertama kali ketemu pas bayi umur 3 bulan dan sekarang sudah 6 taon kelas 1 SD, time so fast... namanya Raditya yang punya cita cita jadi petugas pemadam kebakaran. Pinter yo Le sekohale",5,"5"
"128","love","Siang dan malam aku tak kuasa melupakan wajahmu Apakah ku terjerat cinta buta Ataukah ku hanya merasa kasmaran [USERNAME]",4,"4"
"129","sadness","masrakat nelayan di kbt merauke papua, resa dan gelisa karna lambatnya keluar surat surat (dukumen) kapal nelayan bakkan ada sampai tahunan,padahal masrakat nelayan menbayar mahal sampai 20 jutaan ditanba maraknya pungutan liar..",3,"3"
"130","anger","[USERNAME] Well, common logic di Indonesia itu selalu perempuan yg salah. ""Coba kalo nggk ini, itu, bla bla bla"". Sedangkan yang salah sebenarnya selalu pelaku, bukannya korban. Logcial fallacy.",1,"1"
"131","happy","Temen SMA w nih , berhubung dia lg jomblo baru 2 hari mkanya gangguin orang. Barangkali ada yg mau knalan. Dia bilang kemren klo dia mau cari pasangan yg bisa ngeetiin tugasnya hehew [URL]",5,"5"
"132","anger","Aku pun boleh je nak jadi selfish, pemalas dan biadap. Tapi aku ni tak bodoh. Bijak macm gampang? Cantik macam gampang pun. Kalau kau takde adab baik mampus je. Biar bodoh asalkan ada adab. Biadap tu simpan lah. Nanti kau bagi kat anak2 kau. Biar kau pulak rasa macamana biadap tu",1,"3"
"133","happy","Tiada henti 2ny q mengucap syukut alhmdllh.... Skrg aku bsa.... Uang jadi panitia kmrn alhmdllh trmkah kau bri brlmpah.... Mski tak sbrpa inysllh lma2 mmbukit amn [URL]",5,"5"
"134","fear","Heran si, orang stres begitu masih berkeliarab d salemba. 2minggu yg lalu juga abis pukul anak cowok juga, kaya gitu mana ada yg mau betah d Salemba. Tp emang si RT RW lebih cepet nanggepin keluhan warganya.",2,"1"
"135","anger","pasti mereka terdidik. punya budaya malu, TAPI KALAU PERKARA KELAHI DI KANDANG LAWAN ATAU DI KANDANG MACAN, itu sudah naluri, udah dari NENEK MOYANG N",1,"1"
"136","sadness","Cewek itu paling ga suka dikasarin, dibohongin, dicuekin dan didatengin pas ada butuhnya doang. :')",3,"1"
"137","love","menyayangi mu membuat ku mengenal bahasa baru, menyayangi mu membuatku mampu merangkai kata kata baru, ya memang tak seindah puisi puisi pak sapardi, tapi cukup untuk memberi mu makna. Rasa sayang melahirkan sedikit demi sedikit kalimat yang tersusun rapi di sebuah kertas",4,"4"
"138","anger","[USERNAME] Iya di DM lewat twitter gitu tadi sempet selewat ngeliat. Sebenernya boleh aja minta hapus foto2 konser atau sue kalo mereka ga mau. Macem Jelpi. Tapi kalo nyuruh tutup sih bodoh sih.",1,"1"
"139","anger","Di jual buat beli rubicon atau hummer baru, lumayan buat aset dan modal nyapres. Atau beli tanah lagi yg luas buat ""katanya"" perjuangan gerakan. Jamaahnya cuma gitu-gitu aja, cari kerja sana-sini. Atau malak THR sama orang Cina. Hadeuh Guwoblok",1,"1"
"140","happy","[USERNAME] [USERNAME] [USERNAME] System dah canggih n inovasi baru lagi yg kita lihat dgn sgl kemudahan utk rakyat,terima kasih pak jojowi n tims kabinet sukses selalu n sehat",5,"5"
"141","love","i love you. i love you so much. aku sering bgt ngomong gini ke kamu, tapi semoga kamu ga bosen ya. soalnya apa yg aku omongin itu semua beneran tulus dari hati aku",4,"4"
"142","love","Dan untukmu wanita yg selalu aju cinta dan aku rindukan. Selamat bertambah usia syng. Selamat bertambah keberkahan dan kebahagian hidup. Aku sdr aku bukan siapa2 lagi dlm hidupmu. Aku sdr aku hanya manusia asing skrng. Tp percayalah aku akan berusaha menjaga dirimu dlm hatiku",4,"4"
"143","sadness","Mungkin saja Allah mencubitku dengan ujianNYA. Mungkin saja Allah sedang rindu, Rindu pada rintihanku, Rindu pada sujud panjangku, Rindu puji-pujianku padaNYA. Atau bisa saja Allah cemburu, Karna aku lebih sayang dan merindukanmu (lelakiku).",3,"4"
"144","love","Senyum adalah media paling murah dalam membangun suatu hubungan. #kintamani #photography #savana #vsco #balicili #balitrip #baligasm #bali #travelling @ Kintamani, Bali, Indonesia [URL]",4,"5"
"145","happy","Hmmm ya mungkin seneng kalo dikasih kado, tapi kalo buatku dia inget aja tanggal lahirku atau anniv wes bahagia rasane.  #pekaitupenting",5,"3"
"146","happy","sy sbagai pribadi Katolik bangga punya Yesus dlam hidup sy. Sbesar apapun msalah hidup, Dia tdk prnh tingglkan sy. Trima lasih Yesus, atas tntangan yg Engkau brikan! [URL]",5,"5"
"147","sadness","Mencintai kamu itu tidak sulit, yang sulit itu adalah bertahan mencintai kamu yang sudah jelas masih mencintai orang lain Yang sulit mengikhlaskan cinta sejati agar bisa berbahagia tanpa harus membebani diri dan keluarganya",3,"3"
"148","happy","Yap! kalau mau jodoh yang baik, yuk perbaiki diri. ini berlaku terus biarpum sudah menikah, supaya tetap baik seterusnya",5,"5"
"149","anger","[USERNAME] Dalil haditsnya justru Imam Mahdi, gak pernah mau ngaku-ngaku jadi imam. Bahkan sudah ditunjuk pun, dia ogah menerima amanat untuk memimpin umat. Lah yg ini apah? Sudah ngeklaim, nyuruh umatnya mundur? Inamahdi malah nolak dibai'at, bukan bi",1,"1"
"150","sadness","[USERNAME] Dan dibilang ""kok gendutan?"" Dan ditanya ""kapan nyusul mas/mba ini nikah?"" Dan ditodong ""mana angpaonya?"" Dan dimaki ""umur udah ga kecil lagi, masih aja sendiri"" Asem emang :'(",3,"3"
"151","sadness","Wktu masih jaman sekolah kalau ada laki2 yg suka boro2 mau nanggepin ..yg ada malu nya minta ampun smpe tuh laki malah d musuhin!! Tp bocah jman skrng jomblo bentar galau nya minta ampun  ..gmn klau mereka kaya gua yg jomblo 7 tahun  #OldMoneyGakNgerasain",3,"3"
"152","anger","[USERNAME] boi ini gimane nih wifi gangguan mulu ? Jan mau kalah lah ama indie home . Kalo ampe bsk masih gangguan gue pake indie home aja lah",1,"1"
"153","fear","Tapi sekarang ini, ntah sejak kapan, pemikiran gue berubah. Kalo gue kepikiran untuk share hal yg gila, gue akan pikir 1000x untuk tulis di twitter/IG. Kenapa? Jempol netizen tak bisa dikalahkan.",2,"2"
"154","happy","Gaya Presiden Jokowi dalam blusukan adalah mendatangi masyarakat, bertanya, mendengar dan berdiskusi, sambil tak lupa menyalami masyarakat yang dijumpai. #JokowiSekaliLagi",5,"5"
"155","happy","Muka w mang gak indah, tp at least w bs jln ke tempat yg indah.. #myfaceismyproblemnotyours #dibikinasikaja #familytime #qualitytime @ Munduk, Bali, Indonesia [URL]",5,"5"
"156","sadness","Innalillahi wa inna ilaihi rajiun. Kabar duka kembali menyelimuti Aceh. Pewaris Kesultanan Aceh, Teungku Putro Safiatuddin Cahya Nur Alam dikabarkan meninggal dunia di Kota Mataram, Nusa Tenggara Barat (NTB), Rabu (6/6/2018) sekira pukul 06.45 WITA. [URL]",3,"3"
"157","anger"," Gak punya mobil ya naik kend umum.biar jln gk macet.gk ada uang tuk bayar TOL .ya lewat jalan tol ada pilihan !.Geto aja repot!",1,"3"
"158","fear","Menurut ferry julianto foto2 spt ini menjadikan Jokowi was2.Foto ini malah memalukan masa iya petinggi dan ketua partai jadi jongos ormas.",2,"1"
"159","anger","Kalau orang yang digituin pakai hijab, bukan penyanyi dangdut, dan berpakian tertutup. Gue rasa orang masih akan bela, tapi hanya karena Via Vallen penyanyi dangdut yang terkenal dengan 'gay seksi', she deserved to be sexually harrased?",1,"1"
"160","love","gua berasa stalker abis, nyari tau kenapa dia bisa se pendiem itu, nyari tau mantannya, nyari tau latar belakangnya, ngikutin dia sampe rumahnya, kenalan samaa nyokapnya, bikinin bekel, beliin oreo, beliin susu, i serach and give all he cintad. emang gua seagresif itu dulu.",4,"3"
"161","sadness","Jd, kukira laporan2 yg ditulis oleh bahkan institusi internasional tuh akan padat berisi. Tp ternyata ga jg ya coy! Isinya jg bisa ngaco dan ga logis. Datanya bisa bener, tp tafsirnya engga.",3,"3"
"162","anger","belajar agama yg tuntas jd nga ngarang dalam hidup. Isa saja disebut2 dialquran trus lu mau jelek2in Isa?? Bisa baca alquran ga? [URL]",1,"1"
"163","fear","[USERNAME] jujur ya gue juga takut, banci yang ngamen gitu sih, pernah kejadian soalnya banci ngebegal, serem banget kalo lahi marah marah sambil nodong piso",2,"2"
"164","anger","[USERNAME] tolong kepada petugas [USERNAME] dan atau polisi di jalan Tol cipularang km 101 arah jakarta, malam ini ada yg melempari kendaraan pake batu besar. saya salah satu korbannya.mohon diamankan!!",1,"2"
"165","fear","Aku terlalu takut untuk pulang ke rumah dan memutuskan menghabiskan malam di supermarket itu hingga pagi.",2,"2"
"166","anger","Ya apa salahnya si mbak dishare ulang, postan mu iku di grup udh tenggelem jauh. Kirim poto ini poto itu, tau sendiri kan. Gregetan aku tu mbak karo koe.",1,"1"
"167","sadness","Di line ada lapak yg lagi rame berantem bahas ""orang jawa yg ngomong pake gue/lo"" trs yg bikin status pake bahasa jawa,yg komen jg pake bahasa jawa, lalu aku termenung karena aku tak mengerti:(",3,"3"
"168","love","Begitu mulianya tugas orang tua membesarkan anak. Mengemban amanah dari Tuhan untuk menjaga, mendidik, menyayangi dan memelihara anak. Berilah ia cinta dan kebutuhan lahir dan batinnya.",4,"4"
"169","anger","Ya makanya diganti pakai unsur ""setiap orang"" biar semuanya kena. Katanya mau mengkriminalisasi semua perbuatan cabul... [URL]",1,"1"
"170","sadness","Sayangnya aku cuma manusia biasa yang tidak bisa menolak datangnya cinta, hanya bisa memendam tanpa mengutarakan, dan memperhatikan dari jauh",3,"4"
"171","sadness","[USERNAME] Nokia c3 termasuk barang mewah di kala itu, tiap ada yang make c3 langsung segan. Apalagi bb ngaoahahaha Dulu beli pas harga berapa? Seumur-umur aqu ga pernah make bb soalnya huuhu",3,"5"
"172","sadness","iya bener loh han.. cinta tuh gk harus nikah gitu. Bisa aja kebetulan dia atau km nikahnya malah sama org lain :(",3,"3"
"173","sadness","Beliau bilang, jadwal uas terakhir keluar tgl 25 Mei. Cukup lama untuk kami berdua memiliki waktu protes. Tapi ya namanya mahasiswa tua, jangankan liat jadwal uas, kekampus aja boro2 tiap hari :) Kami diam. Sebelumnya sudah saya singgung mengenai 'jadwal ujian final' pada beliau",3,"5"
"174","happy","Indonesia kian dipandang elok,kinerja pak jokowi n kabinet sukses dgn penuh inovasi n berjaya seantero nkri yg lain minus2 trus krna tdk mampu",5,"5"
"175","love","`Percayalah Hati Ini Hanya Untuk Mu",4,"4"
"176","happy","Ceritanya makan malam ini ala2 korea Pas belanja bulanan eee nemu daging premium lagi diskon langsung deh di ambil Nasi putih ,nori, minyak wijen, wijen aduk jd 1 Sapi lada hitam",5,"5"
"177","happy","Aplikasi pencatatan keuangan semacam money manager memang berguna ya. Jadi tahu sebenarnya pengeluaran kita per bulan itu berapa. Yg penting konsisten aja catetnya. Abis ngeluarin uang, walaupun parkir di Indomaret 2000 perak, tetap dicatet.",5,"5"
"178","anger","Pas masuk udah bilang, iyah soalnya saya bingung ke sana di mana2 macet. Duh kenapa juga ambil orderan saya Pak. Ini belom jam kantor pulang lo. Macet jg lampu merah doang. Jalan. Belom tauk Cikampek sama JoRR nih.",1,"2"
"179","happy","AAAAAK SUKA BANGET. feel sehabis nonton sama kayak the greatest showman. ikut nyanyi pas dancing queen dan mamma mia. dan dancing queen yg ini jauuuuh lebih asik drpd yg versi meryl streep di film pertama hehe. RASANYA MAU BALIK NONTON LAGI",5,"5"
"180","happy","Kuliner yang lagi hitz di Yogyakarta. Namanya ""ceplukan"". Jaman masih kecil tahun 1980-an suka mencari ceplukan di kebun. Setelah hampir 30 tahun, makan buah ini lagi. Viva la Ceplukan [URL]",5,"5"
"181","happy","Saya serius, kalopun pak [USERNAME] nanti kalah, sy mending kalah sama yusril daripada sama prabowo Tapi kan gak mungkin kalah ya...hahaha [URL]",5,"5"
"182","anger","[USERNAME] Cuma mau nunjukkin ini, Kak.. Kalo linimasa aku yg begini kamu samain sama mereka yang tergugah isu-isu busuk politik, da aku bisa bilang apa lagii ~~ [URL]",1,"1"
"183","anger","[USERNAME] [USERNAME] Kalo yg di Jakarta kan jago nyembunyiin buktinya dia punya perusahaan offshore yg bikin namanya muncul di Panama Paper... jadi harus jago banget untuk bisa temuin bukti",1,"2"
"184","sadness","Yaampun aslii deh ga lagi ngopi malem2 -,- alhasil ga bisa tidur sampe jm 4 pagi trus jam /6 udah kebangun lagi dan ga bisa merem lagi sampe sekarang padahal mata berat tapi ga bisa diajak merem jugaaa",3,"3"
"185","sadness","mau banget disposable cameranya karena emg dr dulu pengen punya aja tp blm smpt karena sayang duit",3,"4"
"186","anger","Emang bener yaa ""Orang baik pasti sama yg baik "" Jahat ya sama yang jahat ""Tukang selingkuh ya sama yg tukang selingkuh juga, trus nikah sama2 di selingkuhin"" Jodoh itu cerminan diri, makanya banyakin ngaca",1,"3"
"187","love","Cinta datang tanpa di rencanakan Cinta datang begitu saja Tidak pernah ada waktu dan tempat untuk cinta sejati Semuanya terjadi tnp sengaja. Dlm satu detak jantung Dalam satu irama Tapi bisa menghasilkan Moment yang penuh arti #keseleoCinta #EfekGaBisaTidur [URL]",4,"4"
"188","anger","Pasti pada banyak yg mikir ""apasi bel sok2 di update lagi, biar ikutan viral kan?"" Hm, gapapa kok kalian semua disini nggak retweet or reply this thread, cuma mau nunjukin aja kalo ya mau kita artis kek mau org biasa kek mau siapa kek ya emg berhak marah kalo dilecehin.",1,"1"
"189","anger","okay ternyata emosi saya sekarang bnr2 balik lagi kaya dulu ya alah kenapa jadi begini lagi yang tidak-bisa control emosi >_<",1,"1"
"190","love","Sudah waktunya memfokuskan niat kita serta dan meraih hati,, I love you sayangku dan mengizinkan getaran cinta itu untuk menghangatkan jiwa yang haus akan kasih dan sayang",4,"4"
"191","love","seluruh hidup saya. saya dedikasikan dan saya peruntukkan sebagai contoh untuk dia. bahkan saya rela mengubur mimpi saya dalam dalam demi bisa memperjuangkan cita cita nya. sesayang itu. saya tidak mau dia merasakan sulitnya hidup seperti apa yang saya sudah lalui.",4,"4"
"192","love","WOI PIYIK KU INI ASAI NANAMI SAYANG KU CINTA YAALLAH BANGGANYA DIRIKU PADA MU SAYANG YAALLAH DEEP VOICENYA BAGUS BNGT YAALLAH YAALLAH LUCU BNGT INI MANUSIA [URL]",4,"I"
"193","sadness","[USERNAME] aku merasa gagal menjadi teman, aku tadi cuman mau bohong tapi jawaban mu seperti itu, termakan sendiri aku, sedih wed, maaf yaa",3,"3"
"194","happy","Yakinlah ada sesuatu yang menantimu selepas banyak kesabaran (yang kau jalani), yang akan membuatmu terpana hingga kau lupa pedihnya rasa sakit - Ali Bin Abi Thalib-",5,"5"
"195","fear","minum obat kamu jangan sampai sakit ye awas saja kalau besok tidak-masuk",2,"3"
"196","sadness","Sebagai manusia aku bisa saja salah saat melihat manusia lain. Aku cuma sedang melihat diriku sendiri sebenernya. Jadi aku minta maaf ya shan, seperti yg biasa aku lakukan",3,"3"
"197","happy","[USERNAME] Iyaaa ya Mas mudah memberi gelar sm yg g sepaham, pdhl hidup memang lebih indah krn banyak warna dan perbedaan supaya kita didewasakan baik iman dan prilaku krn semua mahluk ciptaan Tuhan",5,"5"
"198","anger","saya kecewa ......atau kita dipaksa golput .....presiden RI kok takut sm FPI...@DivHumas_Polri [USERNAME] [USERNAME] [USERNAME] [USERNAME]",1,"3"
"199","sadness","Saya terlalu sibuk menggalau hingga lupa kalo kemarin lusa oshimen pada zamannya berganti umur yang ke...?? Entahlah, akupun tak tau~ [USERNAME] [URL]",3,"3"
"200","sadness","petani dieng rugi akibat bun upas - mungkin sudah mulai harus di kencangkan kerjasama BMKG Dengan Dinas Pertanian untuk wilayah2 khusus seperti dieng supaya ada peringatan dini bun upas - apakah memungkinkan? [USERNAME]",3,"3"
"201","happy","Udah mandi mas, sampe berendem malah biar wangi ga ilang sampe sore :D",5,"5"
"202","fear","Duh beberapa hari ini kok rasanya seneng ya, kayak bakal terjadi sesuatu yg menyenangkan. Ini kalo realitanya ntr malah kebalikan kan sediiiihhhh.",2,"3"
"203","sadness","kadang pulang cerita ke anak isteri abis nonton konser a b c dan gratis krn sembari kerja. tapi... tiap anaknya nanya konser ina itu kelewatan. sedih. #yha.",3,"3"
"204","happy","Klo udah denger gitu, meskipun tau itu adalah kalimat yg diulang2 tp efek menenangkannya slalu sama.. intinya kata Bapak, ""rumuse sabar dan tawakal, maka akan ada rezeki dari arah yg tdk di sangka2.. wes to percoyo ae, wes bismillah""",5,"5"
"205","anger","jujur aja cukup yah kegoblokan kegilaan gw hrs sadar .gw pgn segera keluar dari lingkaran setan hidup disini byk sodara dengki n jahat sm gw ga kuat gw ..n terutama sepupu sialan cln penghuni neraka si lina n lakinya n si lita jg najiiiis lo sialan",1,"3"
"206","sadness","macetnya mantap #parkir",3,"5"
"207","happy","[USERNAME] Manusialah, polisi penjaga yang bertugas di sekitar makam Mantan presiden Mustafa Kemal nah karena tinggi dan kek patung saya tertarik foto hahaha",5,"5"
"208","anger","Kl ga kebukti ga perlu kabur tuh bangsat cabul, logika berpikir orang waras. Nah cabul imam pula dibela sampai mampus cm krn takut ga masuk surga lu? [URL]",1,"1"
"209","love","Pacar yg baik adalah pacar yg nasehatin kamu gak pernah ngebentak, tp dgn lemah lembut & kasih sayang sambil tersenyum & menatap mata kamu",4,"4"
"210","fear","[askmf] abis baca menfess ini, aku sbg calon anak rantau ngerasa takut, minder, kalo temen2 disana diam2 ngerasa kesal dengan logat aku/ karena aku masih sering nyampur bahasa :( [URL]",2,"2"
"211","anger","Hampir tiap hari Mbak kos suka ributin "" itu lo dua bodigardnya vela yg sukanya muterin halaman kosan "" -_- Mon maap ni ya mbak, temen w emang gada tau dirinya muterin halaman kos dg suara motor gede hampir tiap hari",1,"3"
"212","love","Alasan nama ria dan manusia bernama ria ini ada adalah tertawa walaupun dalam keadaan sedih sekalipun.kata 2 org tua itu.thanks God, i cintad them.",4,"5"
"213","happy","Gara gara lihat papa, om dan sepupunya tiap akhir pekan nobar bola, Nayla jadi suka bola juga, sedikiiiit tambah semangat pas nonton lagunya [USERNAME] ( [URL] pakai [USERNAME] #JADIBISA #RameinBola bareng mereka [URL]",5,"5"
"214","love","Lg ngobrol sama Kiya  : dek, doain mamah ya dek, supaya bisa blablabla. Dek Kiya bantu doa ya. : *Manggut-manggut, senyum"". Tulus bgt mukanya. Meski ga ngerti apa yg dimaksud, tp tiap bilang doain ya dek dia pasti senyum"" smbl peluk.",4,"5"
"215","love","Dik, semoga kau paham. Mencinta tapi belum halal, merindu namun belum sah. Ini tidak mudah karena kau harus dimuliakan. Perhatikan sikapku, apakah aku memilih kita berangkulan atau menuai nyaman dengan bergandengan. Aku hanya mensyukuri tiap pertemuan dengan cara mencuri pandang.",4,"4"
"216","sadness","[USERNAME] Gak perlu bang Karni, yg perlu di buka sekarang adalah kasus2 pelanggaran HAM seperti penculikan dan pembunuhan mahasiswa di era orde baru.",3,"3"
"217","sadness","Yuk, akhirnya msk minggu awal bln Juni 2018. Ga terasa udh setengah thn aj. Ternyata bnyak target yg blm terealisasi sampai skr. Hrs belajar displin konsisten biar bisnis Oriflame makin lancar",3,"5"
"218","anger","Ancoooree udah dapat no antrian eh salah lagi yg di kasih B seharusnya A macam mana jak pelayanannya nih ? Dari tgl 02 / 10 -07-2018 ngurus surat pindah aja susahnya minta ampun sampai sekarang belum kelar lagi mana no antriannya udh habis lagi tolong dengarkan keluhan kami !!! [URL]",1,"1"
"219","love","10 hari terakhir ramadhan, ada 1 malam yang sangat mulia dr seribu bulan, selamat datang Lailatul Qadar, kami orang yang beriman sangat merindukan kedatangan mu...",4,"5"
"220","happy","Dear sender menfes ini, dm aku terbuka banget kok :') ayuk cerita ke aku.. Aku mau kamu berbagi juga sama aku, kamu nggk sendiri. Aku sayang kamu",5,"5"
"221","love","g ikut ospek jurusan ada berkahnya, brwl dr krn g ikut ospek krn skit (hoream) jd kenal-& deket ,btw doi org yg bkn jdi semngt kuliah , doi orgnya pinter,pejuang sngad,atlet,model,duta,hits dll pd intinya jauh w sm aing yg tdr ml wkwk, ily qam trs smngtt!!",4,"5"
"222","anger","Bahkan gue prnh suatu hari make gamis panjang kerudung panjang dan di dalem KRL gerbong campuran masih aja ditatap lama, diliatin, bahkan ada cowok yg nanya ""mau plg kmn neng, rumah dmn, sendirian aja""gak cuma satu cowoknya, plus tmn2nya jg ngeledek2in.",1,"3"
"223","happy","Selamat ulang tahun istriku tersayang, yulyyanti_armal_prasetiyo . Semoga panjang umur, Sehat selalu, Rejekinya lancar, Tetap menjadi istri yang sholihah, Mendapatkan kemuliaan di [URL]",5,"5"
"224","fear","Inilah salah satu sebab kenapa aku mending nggak usah punya anak. Cuma suka anak kecil selama masih lucu aja. Ya tapi kalo dikasih makan, anak kecil pasti jadi anak besar kan ya...",2,"3"
"225","anger","[USERNAME] Uang yang ada Dompet Saya sudah 2 bulan tidak Bisa di Carikan gara2 di Bekukan Semua pertanyaan Pihak Bukalapak soal penjualan yang bermasalah sudah jawab semua sampai bukti2 nya pun Semua saya kirim Tapi Sampai Sekarang Dompet saya masih di",1,"3"
"226","anger","Setiap peristiwa gw sikapi masing masing ..gak gw buat paket soale ya. Parpol parpol yg kadernya korup ada Bukan cuma korup tapi kejahatan lainnya. Pertanyaannya apakah setiap kejahatan itu selalu dihubungkan dgn Ketumnya? Kalo iya cek lagi kejahatan yg dilakukan kader parpol",1,"3"
"227","love","UMMAT MAU TGB Ini kami. Dari seluruh pelosok negeri. Berteriak dan berjanji. Meminta dan berharap. Deklarasi. Kiranya engkau wahai TGB sudi. Menjadi pemimpin kami. Sebab kami tahu. Engkau pemimpin amanah. Kerna kami lihat engkau imam ummat. #TGBHarapan2019 [URL]",4,"5"
"228","sadness","muka minder... sabar nggih semeton... saya juga ingin punya istri koq",3,"3"
"229","sadness","Helloo, Liburan Kapan Liburan...Kerja teyuss, Lebaran pun ON teyuss Liburan Sekolah udah mau Selesai elisoulea . #kapanliburanlagi #kerjateruss",3,"5"
"230","happy","Lg ngebayangin, entar wisuda punya calon/pacar datang kasih kado sambil ada caption ""calon wife selamat lulus,"" sambil senyum bahagia. YAAMPUN SEMOGA JADI KENYATAAN",5,"5"
"231","fear","Serem jg ya yg staf nya wanna1 nge dm in fansite karena copyright infringement, yg actually bener sih.... tp langsung mematikan fansite culture",2,"3"
"232","happy","Senyum itu bisa menyenangkan hati lho... Makanya kudu senyum meski lokasi potonya ngampung di hotel Dafam Lotus Jember..",5,"5"
"233","sadness","[USERNAME] [USERNAME] Iya mereka harus saling menguatkan sih. Yang penting Mino harus cerita aja ke member yang lain biar ngga beban sendiri :''''''''')",3,"5"
"234","sadness","Hm, agak gimana gitu ya liat orang2 yg against Via Vallen. Karena dimana2 pelecehan ya pelecehan, mau verbal atau fisik. Jadi inget pernah digituin juga... Hmm",3,"3"
"235","sadness","Kita ngga bisa mengatur otak orang, menjaga hati orang. Disaat ada yg berniat menghasut orang utk membenci kita, dan berhasil. Ya sudah. Terima aja kl yg terhasut ngga layak utk lbh lama jd teman",3,"3"
"236","fear","Pernah saya tanya, kok sore sudah pulang? ""Males mas, takut kemaleman. Kadang suka ada beruang lewat sama hewan buas lainnya."" Nah loh. Mampus dah aing. Tiap siang langsung saya cabut balik ke Jambi. Itu belum gangguan sosok mistis klo kemaleman di jalan",2,"2"
"237","sadness","Namun pada hari ketiga, ternyata kami kalah. Dua buah soal rebutan yang seharusnya bisa kami jawab berhasil direbut tim lawan. Kami telat memencet bel. Kami kehilangan fokus. Dua puluh poin melayang ke tim lawan. Hal itu cukup menghukum kami untuk gagal melaju ke babak final.",3,"3"
"238","happy","Alhamdulillah 'ala kulli haal, Jazakumullah ntk Pak Arief dan Pak Basyit atas bimbingan, arahan, coretan, revisi, omelan dsb selama 1 semester ini. Sehat selalu ya, pak. Tetaplah menginspirasi. #latepost",5,"5"
"239","love","Dari kejauhan, aku selalu melihatmu. Bahagialah, sayang. Aku mencintaimu. Selalu.",4,"4"
"240","sadness","Manggilnya udah sayang-sayangan, kalau chat udah kangen-kangenan, ternyata cuma jadi temen pas dia lagi kesepian",3,"3"
"241","anger","Pindah gedung bukanya pelayanan makin baik malah makin makin. Dikira waktuku cuma buat antri disini yah. Dikira ga ada kerjaan lain yah. Buset buset",1,"1"
"242","fear","Iya mbak, berkokoknya ga lama ga da semenit. Yg serem sik klo ada anjing yg bunyinya ngelonglong, klo itu baru setan lewat yak",2,"2"
"243","fear","Semoga semua anak di thailand itu bisa selamat yahhh Ini kalo dibuat dokumenter asliii bikin merinding Baca thread2 orang aja merinding2 akuny",2,"5"
"244","happy","Terima kasih udah bekerja keras kasih kita (army) musik yang berkualitas, musik yang keren, musik yang inspiratif, musik yang menyembuhkan. Sehat selalu",5,"5"
"245","fear","Gue melipir ke deket2 taxi kan, takut dipaksa atau dijahatin gitu. Gue liatin aja tu bapak Brunei, eh ga balik2 dia, si bapak Indo juga ngilang aja. Gue cerita ke Nyokap, jangan2 gue mau dihipnotis. Kalo menurut kalian ini tu beneran orang bingung atau orang jahat?",2,"2"
"246","happy","Jam 21:59 WIB berangkat. Ati-atiii yaaa bapak sayang... Teteh Hanna sayang... Pokoknya kirim kabar terus lewat WA yah! Kirim foto-foto. Bapaaakk, jagain teteh Hanna loh! Lancar selamat sehat sampai balik pulang ke rumah dst ya. Have fuuunn...!!",5,"5"
"247","sadness","Sebetulnya gak ada maksud jelek, cuma kagum dengan pencapaian putrinya teman, yang disekolahin Desain Komunikasi Visual, secara Jaman Now orang pada ribut soal sekolah Negeri dan Zonasi... apa daya dianggap belum bisa Move On oleh semua kawan lama... Jadi terpaksa UnFol ybs...",3,"5"
"248","happy","Soalnya td limit time bang, time bidding utk Nainggolan tinggal 17mnts. Jd mau ga mau harus kritis jg. Untungnya td bang rio dan azmi cekatan jg bales mensyennya. Hehehe Makasih bang",5,"5"
"249","sadness","ada saatnya sakit hati itu kita nikmatin dengan cara kita. menangis salah satunya. gembira pun bisa jadi alternatif lain. yang terpenting semua itu bisa kita lewatin walaupun gagal.",3,"3"
"250","sadness","Mata kiri nih selalu kena masalah, entah itu bintitan atau sakit dari benjol di ujung pelipis mata yang emang udah ada dari kecil (kalau benjol kanan kiri ada sih) Tapi rasanya tuh....agak menyiksa ketika dibutuhkan buat kerja rodi",3,"3"
"251","happy","Terima kasih kepada Undiknas Bali yang mempercayakan perjalanan company visit Singapore - Malaysia kepada Kusuma Holiday Tour",5,"5"
"252","happy","Titip salam buat masbro [USERNAME] kl shooting bawa bambu ya buat ganjel biar gk ngejoprak [USERNAME] #IniSahurTIKETCOMHariKe20",5,"5"
"253","happy","Ketemu temen yang se manhaj dalam sastra dan bacaan itu rasanya kyk nemu harta karun.. Ngomongin karakter, plot dari rupa"" pengarang, ngalor ngidul tanpa henti.. Tapi suka..",5,"5"
"254","anger","Lanjut...@bankmandiri saya sudah berkali kali hubungi kantor cabang Sabang tapi mereka tidak memberi solusi..ini sudah tanggal 05 Juni 2018..tolonglah kami nasabah diberi solusi kami harus bagaimana,jangan kalau ditelp lempar sana lempar sini loh ya..tapi ga ada solusi",1,"1"
"255","love","Timang timang anakku sayang..... Buah hatiku sepajang jalan... Siang malan ku selalu berdoa Semoga kelak kau bahagia selalu #HariAnakNasional [URL]",4,"5"
"256","fear","Mendengar ada suara aneh disekitarnya. Jek merinding. ""tadi ada yg ngomong tidak yaa??"" ",2,"2"
"257","anger","efek pemilu itu toksik, sekalipun yg toksik itu berhasil merubah diri jadi lebih religius (tobat).tp ya ga terus seenaknya paranoid, penuh kebencian juga si.",1,"2"
"258","happy","banyak banget yang nanya pas tau di hape ada apps twitter 'emang masih jaman ya main twitter?' 'yaelah hari gini main twitter ngapain?' 'ngapain main twitter coba', hehe, cuman bs gt sih, ya senyum aja kalo balik lagi main twitter :)",5,"5"
"259","happy","Kemarin buku #TSYGMC ini sempat di-twit oleh Mas Agus Noor untuk tagar #bacabuku-nya. Seneng gitu liatnya, biarpun gue anak murtad dah sejuta tahun lamanya ga nulis fiksi  #WorkshopCerpenKompas2014 [URL]",5,"5"
"260","love","Sehebat-hebatnya pertengkaran adalah pertengkaran yg akhirnya baikan lagi.sama-sama sayang dan saling gamau kehilangan. #sahabat [URL]",4,"4"
"261","fear","saya dok, enggan menikah karena lebih mengutamakan karir dan pendidikan, terlalu takut dengan namanya rumah tangga takut broken lagi",2,"3"
"262","happy","Morningside - Fazerdaze (2017) Lagu2nya begitu enaq didengerin pas halodo alias summer jam 10 pagi sambil sepedaan. Enak didengerin pas mood lagi bagus2nya + bikin semangats. W suka Lucky Girl, Little Uneasy, Misread, Jennifer sm Bedroom Talks [URL]",5,"5"
"263","anger","Temen pernah beli hp online dr Batam. Stlh di trf terus dihubungi pihak bea cukai bhw hpnya gabisa keluar krn dibilang BM. Katanya, kalo ga bayar smpe jam 5 sore bakal dipolisikan, eh beneran di trf sama temen. Ternyata sama, modus penipuan. Krn barangnya ga sampe. [URL]",1,"3"
"264","happy","Membaca informasi tentang bantuan warga sekitar kepada rescue team utk misi penyelamatan anak2 yg terjebak di gua di Chiang Rai, Thailand.. bikin terharu. Mereka menawarkan bantuan tanpa diminta. Masih banyak orang baik di dunia ini :')",5,"5"
"265","anger","Ini yang namanya ide kebeRPihakan ala [USERNAME] [USERNAME] melalui program unggulan OKeh ngOCE melibatkan banyak warga untuk mengisi Tong Sampah biar Sampah Jakarta berasa Sampah Jerman #KarenaSampahJakartaBedaSampahJerman",1,"5"
"266","happy","hore hihi moment sekali ye capai sih tapi menyenangkan",5,"5"
"267","fear","[USERNAME] [USERNAME] Terkadang, aku ingin menjemput waktu-waktu yang sudah begitu jauh tertinggal. Kembali memelukmu seperti saat kita terlalu takut pada perpisahan.",2,"4"
"268","happy","ataauuu aku yg ga pernah keluar rumah menjelang lebaran sehingga aku ngga tau kebiasaan orang-orang menjelang lebaran ngapain aja? duh pencerahan sekali mention itu tadi.",5,"5"
"269","sadness","Saat ini kami segenap pegawai di lingkungan Kementerian Perhubungan sedang berduka atas musibah yang menimpa rumah kami. Proses pemadaman api sudah berhasil dilakukan, walaupun ada rekan kami menjadi korban.",3,"3"
"270","happy","Dikampung mana ngerti go-pay teh.. Udahlah beli amplop lebaran lucu-lucu isiin duit baru udah paling bener..",5,"5"
"271","happy","film yang bikin tante-tante dan mbak2 macem gua gini blushing di bioskop. iqbaal jadi dilan tepat bgt sih, walopun milea-nya b ajah [URL]",5,"5"
"272","sadness","[USERNAME] Membayangkan dirimu bercengkerama dengan wanita-wanita cantik barusan lumayan memantik api kecemburuannya lagi, sampai tanpa disadari ia mengerucutkan bibir dan mengerutkan kening. Maka dari itu ia tak menolak usapanmu di pipinya dan melirikm",3,"2"
"273","sadness","Dan gitarku yang dipinjam teman belum dikembalikan. Katanya, ""aku balikinnya pas kamu pulang, tapi kita harus bukber."" Ini orang mau balikin barang gue tapi malah ngajak bukber sekalian.",3,"1"
"274","anger","[USERNAME] Masih aj pejabat melakukan korupsi.. memberikan contoh yg buruk kepada masyarakat ..Ayo KPK... tunjukan taring mu.. Banyak daerah lain yg blom kau sentuh..",1,"1"
"275","happy","Selamat ulang tahun sayang [USERNAME] #HAPPY_BAEKHO_DAY",5,"5"
"276","sadness","Well, jujur gw keluar air mata waktu denger kabar [USERNAME] ini bakal bubar. Banyak kesan yang bisa gw dapatkan disini. Bisa tertawa bareng bareng, diskusi bersama yah walaupun sebatas chat di group Line. Gak ada sepah sepuh fans disini, karna semua sama dan 1 Tujuan",3,"3"
"277","anger","Kenapa Perhelatan Asian Games yg akan digelar Agustus 2018 nanti kurang menggema??.. karena Para Netizen sedang khusuk main Tagar POLITIK. #SukseskanAsianGames2018",1,"3"
"278","anger","[USERNAME] saya ajukan PayLater, namun ditolak dengan alasan yang krg rinci. Apa bisa dibantu alasan lebih pastinya? Saya rasa foto KTP dan info yg saya berikan sudah cukup jelas. Kriteria seperti apa yang diinginkan Traveloka? [URL]",1,"3"
"279","anger","[USERNAME] Ga usah ada liga...bagaimana persepak bolaan indonesia bisa maju kalo mau kaya gitu terus...mau perang mah di gaza sanah...mati lu masuk syurga...",1,"1"
"280","love","bukan teman dekat, apalagi sahabat akrab, mereka ini sudah aku anggap saudara perempuanku, kalian yg pertama kali aku lihat saat membuka mata *alay ya ce wkwk* , tempat aku berbagi duka",4,"3"
"281","love","tidak perlu ragu untuk bilang rindu atau kesal sampai keubun-ubun. tak perlu kode morse untuk bilang sesuatu. kalau mau, ya bicara saja. kalau tidak, mari kita berdebat sampai lupa waktu. sehabis itu, kita tersenyum lagi. jatuh cinta lagi.",4,"5"
"282","happy","Ketika ada kegiatan kantor di Pusat yang bertepatan pada rencana tgl pulang itu artinya adalah tiket pulang gratis :) [URL]",5,"5"
"283","anger","Baguslah! Itu namanya sadar diri. Mana mungkin tersangka kasus cabul bisa jadi pemimpin umat?! Btw, kasus [USERNAME] gimana? Terus cerita ente ame nyang 'ntu gimane? [URL]",1,"1"
"284","happy","Muter muter di rumah nini Ternyata orangnya lagi buat kari Asyik ketemu @8rianna_ jam segini Putri cantik yang sejak dulu ku cari",5,"5"
"285","love","Mungkin dulu sewaktu kecil, mama lah yang lebih sering mengajakmu bercerita atau berdongeng. Tapi tahukah kamu, bahwa sepulang papa bekerja dan dengan wajah lelah papa selalu menanyakan pada mama tentang kabarmu dan apa yang kamu lakukan seharian.",4,"4"
"286","sadness","Makin modern gaya hidupmu, makin banyak kamu produksi sampah plastik. Believe it or not. [USERNAME] coba aja itu sehari klo kamu makan, berapa sedotan, gelas plastik, plastik makanan yang kamu buang ?? #HariLingkunganHidupSedunia",3,"3"
"287","anger","Mau cerita Jadi td sebelum magrib sempet keluar rumah buat nganterin adek bukber, nah di jalan pulang ketemulah sama cewe cewe berkerudung tapi rambutnya keliatan dibelakangnya:) Mereka bonceng 3:) Dan jalannya ditengah:) Padahal jalanan rame:) Eh Disalip ketiganya ngomel :(",1,"1"
"288","fear","[USERNAME] ""Itu menurutmu, tapi menurutku ini menyeramkan, kamu kalo terjadi apa apa disini karna ulah monster itu"" Gerutunya dengan kesal Ariel tidak mau melihat ke sekitarnya, ia hanya nunduk melihat jalan bebatuan yang ada di depannya, dia takut un",2,"2"
"289","love","terakhir, aku sayang koko! sayang koko kemaren. sayang koko hari ini. sayang koko 2 jam yg lalu. sayang koko besok. sayang koko besok lusa. sayang koko selamanya.",4,"4"
"290","anger","[SENSITIVE-NO] no saya yg ke 4 signal 4g full sudah dari kemarin malam problem lokasi di jalan raya legian no 88 sudah di ganti isp lain nya dan restart hp juga ga bisa buka apa apa tolong di bantu [USERNAME]",1,"3"
"291","fear","Ke dokter kandungan aja beb kalau takut kenapa"" sebelum terlambat aja soalnya tiap orang beda"" penyebab nya, ada yg karna hormon, ada yg lain. ",2,"2"
"292","love","Ada rasa damai saat ku melihat matamu,Ada rasa nyaman saat kau berada disampingku Kau mewarnai hari2ku,membuatku kembali ceria Kini semua sirna,kau tinggalkn luka,Kau pergi membawa separuh jiwaku,Pantaskah kau tuk ku tangisi ? EeeAaa #EfekKebanyaknBacaNovel",4,"3"
"293","fear","Kok aku merinding sekaligus takut ya di... takut kejebak sama imajinasi sendiri bahwa diam-diam ternyata di hidupku ada kehadiran orang yg km jelaskan itu dan aku gak sadar???",2,"2"
"294","love","KENAPA GUA CINTA BANGET SAMA BANG WAWAN SEBAGAI ABANG GUA, YA KARNA DIA SALAH GAULNYA RATA"", SAMA KAYA GUA :"") BANYAK KESAMAAN JUGA HEHE",4,"4"
"295","anger","Ada yang bilang kalau IG biasanya cuma ngupload yang baik aja. Yaaaah kali pas ngrampok bank live, selingkuh live, tewtew upload. Nanti kalau terkenal terus IG di Blockir MenHub",1,"1"
"296","happy","[USERNAME] mari kita MARAKKAN RAMADHAN adalah BULANNYA MILAD AL QURAN karena kita tidak tahu pasti kapan mulai turunnya wahyu yang dibawa oleh Malaikat-Nya untuk disampaikan kepada Nabi Muhammad SAW.",5,"5"
"297","anger","Brasil, kandidat kuat juara 2014 tapi dihajar Jerman 1-7. Selain Neymar yang absen sehingga daya serang turun, Thiago Silva juga absen. Sisanya David Luiz, dimana dia? Gak dibawa!! Cuma 4 orang pemain yang main di 2014 masih dibawa ke Rusia. Kunci di Neymar yg haus gelar.",1,"1"
"298","sadness","Keram betis akibat mandi jam 10 Umur lu udah tua mel, dikira masih gagah aja gitu? Abisnya kemana-mana masih sama emak sih berasa masih sekolah aja gitu :""(",3,"3"
"299","fear","Kalo aku sendiri waktu pertama kali sampe ke guest house-nya emang agak takut. Tapi kalo aku sih bukan ke arah karena bisa ngedeteksi ada apa2, cuma karena orangnya memang penakut wkwk. Apalagi guest house-nya dalam keadaan sepi dan kosong.",2,"2"
"300","sadness","Sayaa sadar saya ini siapa, km siapa Dan takkan mungkin mjd kita Kangen, iya Jarang ketemu, iya Kadang curigaan, iya Krn aku  km Mimpi yg wkt itu mungkin biar kangen ku akan km terobati Nyatanya malah menjadi Arhhhh... Allah Maha Tau",3,"3"
"301","sadness","Kadang seseorang punya 1001 cara untuk menghibur orang lain, tapi tidak punya 1 carapun untuk menghibur dirinya sendiri.",3,"3"
"302","anger","Wah keliatan Gobloknya Kalau bgtu bangsa kita. Masa Waste System hanya tempat sampah dari jerman [USERNAME] [USERNAME] [USERNAME] Tolong gub+wagub temuin Mas [USERNAME] Sy sudah berikan konsep penanganan sampah scr integrated ke Beliau. Rencana sy presentasikan [URL]",1,"1"
"303","sadness","kalau disaat-saat kaya gini rasanya gue kepingin banget tinggal di kampung ya allah :( di daerah gue udh ga ada adat istiadat sundanya huhu monangis",3,"3"
"304","anger","[USERNAME] [USERNAME] Wah banget ini pak Sbg contoh jalan kampung saya dari simpang parmonangan tiga balata ke bosar / bandar Jawa luar biasa rusak nya PaRAH",1,"3"
"305","fear","Nah, semenjak itu gw mulai ngerasa takut untuk menjalin hubungan lg. Gw takut di boongin Sumpah. Trauma banget.",2,"2"
"306","anger","Warga DKI yang dimintain THR gak usah pada ngedumel ngapah.timbang setaon sekali aja juga dimintainnya.lgian kayaknya itu suka rela deh.gak dipatok harus sekian-sekian. Parcaya deh rezeki anda akan semakin mambah ",1,"5"
"307","fear","Udah dibilang kan semakin kesini makin pd khawatir sama votenya, trainees udh semakin bagus jd pd bingung mau vote siapa, kecuali yg dr awal emg udh jd fans trainee tsb. Ngga bisa ketebak yg bakal debut siapa.",2,"5"
"308","fear","[USERNAME] min mau nanya misal ada kesalahan buku pajak harusnya ppn tp trnyata pph minyak bumi spt gmbr brikut, solusinya gmn?? [URL]",2,"3"
"309","happy","[USERNAME] [USERNAME] Terima kaaih pak Kwik,, itu juga pemikiran sy secara pribadi, trm ksh sdh d'sampaikan pd forum. Dan bgitu jg hal'y dg yg d'sAmpaikn oleh ibu sarumpait.",5,"5"
"310","anger","Tapi bahaya juga sih Cal kalau gitu Amit2 karna kepolosan si ibu sieun kan disuruh motong hayam malah motong sapi Goreng bala bala ge teu bisa",1,"3"
"311","anger","[USERNAME] tolong dijelaskan maksud dari "" Hal ini dibuktikan dengan penggunaan resi pada transaksi Anda yang telah digunakan pada transaksi lain (transaksi Anda dengan supplier Anda). "" saya rasa tidak mungkin ada double resi...",1,"3"
"312","happy","Si senyum ngeselin yg bisa bikin hepi.. haha.. bawaannya bahagia aja kalau udh liat nih anak perform :) ada aja kelakuannya yg bikin kangen beneran adek aneh yg ngeselin tapi ngangenin",5,"5"
"313","anger","Sebelah mana stereotyping-nya dari pernyataan saya? Coba ditunjukkan, siapa tahu saya salah bicara. Bagus dong kalau banyak yang mengecam. Semakin banyak makin terdengar suara untuk kebenaran, semakin bagus. Kalau benar tapi kalah keras sama yang salah, itu yang harus diatasi. [URL]",1,"5"
"314","love","Jangan tanya sedang apa aku hari ini, karena yang kulakukan selalu sama. Sedang mencintaimu. Setiap hari",4,"4"
"315","love","Bucin, loving with my whole heart, cemburuan BAHAHAHA, suka protes, ngambekan (?), sukanya peluk peluk sama cium cium XOXO, kangenan banget lagi chat aja masih kangen. [URL]",4,"4"
"316","anger","Ada yg lebih menggelikan ketimbang kasus sexual harassment yg menimpa Via Vallen: para politisi &amp partai politik memanfaatkannya sbg ""panggung pertunjukan"" dgn dalih pembelaan korban. #HilihKinthil",1,"1"
"317","anger","[USERNAME] [USERNAME] Hanya orang yg berotak tai seperti anda yg mengatakan jakarta sekarang lebih bagus ! Makanya menilai sesuatu itu harus jauh dari kepentingan diri sendiri !",1,"1"
"318","happy","Baca buku ini diawal senyum, ditengah-tengah senyum miris, diakhir senyum pasrah. Nuhun bung [USERNAME]#bukugariswaktu #fiersabesari",5,"5"
"319","love","Wah aku mimpi kali ya.../kedip berkali-kali karena kaget letakin lengan di meja sambil numpu dagu/ sayang kok ga bilang sih kamu bisa masak? Aigoo pacar aku keren ",4,"5"
"320","anger","Kaya gitu terus ya netijen, kalau ada kasus pelecehan seksual selalu aja korban yg disalahkan. Pdhl, posisinya korban lo. Sederhananya aja ya, ga ada orang yg mau jadi korban. Gue respect si, sm caranya #viaVallen seenggaknya si pelaku malu dan sbg peringatan jg buat yg lain.",1,"3"
"321","sadness","[USERNAME] [USERNAME] Berarti Yusufk09 seringnya nonton penyanyi dangdut yg cuma ""jual"" goyangan atau busana seksi dibanding suara bagus",3,"1"
"322","anger","aneh.... ada wanita dilecehin dan ngelawan, malah dibully... yang inilah itulah... tapi giliran dia atau ibunya, saudara perempuannya dilecehin.. ngamuknya kaya kesurupan setan se-neraka. dan yang bully korban banyaknya PEREMPUAN juga.. #ajaib #savewoman #SaveViaVallen",1,"1"
"323","anger","yang ingin aku sampaikan ini adalah, jangan pernah membiarkan seseorang menggunakan karyamu tanpa izin apalagi dalam bentuk bisnis/komersil. karena apapun bentuk karyamu adalah kamu si pemilik hak cipta tersebut. siapapun yang melanggarnya bisa dipidanakan berdasarkan UU ITE",1,"3"
"324","sadness","Lagi belajar tentang putusan2 pak Artidjo sambil dengerin Chris Cornell. Menyangkut lembaga yudikatif biasanya teman diskusi saya cuma satu, sayang orangnya sudah pergi. [URL]",3,"3"
"325","sadness","[USERNAME] Pernah dikirimin kue sma temen pake Jne, seminggu ga nyampe. trus diganti sma pihak Jne nya. dikirim lagi, seminggu (lagi) nyampe tapi basi kuenya sampe nyusut :( setelahnya kapok, gamau lagi pake Jne.",3,"3"
"326","love","Mama takut putri manisnya jatuh lalu terluka. Tapi sadarkah kamu? Bahwa papa dengan yakin akan membiarkanmu, menatapmu dan menjagamu mengayuh sepeda dengan seksama karena dia tau putri kecilnya PASTI BISA.",4,"5"
"327","happy","Oke. Mau cerita. Banyak. Euh. Jadi tadi barusan banget abis nonton film lima. Gratis. Aku lupa sponsornya siapa perempuan gerakan apa gitu. Kebetulan temenku punya 150 tiket gratis yang dibagiin di kota Bandung. Wey keren kan ya temenku",5,"5"
"328","sadness","[USERNAME] Iya nad. Ada drama drama cryingnya juga. Apalagi kalo laper... biasa makanan ada tersedia tinggal ambil. Kalo dikos musti cari makan sendiri pas gaada temen nah ini bisa bisa nangis. Jadi kangen ibuk hahaha LOL",3,"3"
"329","sadness","[USERNAME] Gaji 13 pns belum cair di kabupaten siak.... Padahal syamsuar sudah menang jadi gubernur.. Minus syam dari dulu selama menjabat siak, gaji telat atau tunjada telat",3,"3"
"330","love","Cinta sejati adalah ketika dia mencintai orang lain, dan kamu masih mampu tersenyum, sambil berkata: aku turut bahagia untukmu. Jika kita mencintai seseorang,:))~",4,"4"
"331","fear","OH ULARRR... saya paling TAKUT dengan ULAR... Ya Allah, janganlah hantar tetamu ini dalam hidup ku... Sesungguhnya aku mampu sabar dengan MANUSIA KAKI BELIT tapi tak mampu sabar dengan belitan ULAR yg menggelikan",2,"2"
"332","happy","[USERNAME] dulu beneran ada mahasiswa Teknik UI nembak pacarnya pas sahur di Kukusan Teknik Depok, diliput kru Katakan Cinta (dan belum pacaran mereka). Sekarang udah nikah dan punya anak. Pernah diceritain laman UI Shitposting/Divarposting juga.",5,"5"
"333","love"," Jika ingat diriMu, hati ini plong gitu ku akan mempetahankan dirimu dalam rasaku karena kau adalah........... Sejatiku...!!! penuh cinta",4,"4"
"334","anger","Sebuah misteri: kenapa kalau ada perempuan korban pelecehan seksual yang speak up, yang paling ganas jari/mulutnya justru banyak perempuan juga?",1,"3"
"335","anger","[USERNAME] Guru gw dulu juga ada yg mirip gini nih, malah sampe nyumpahin gw ga dapet kerja. Ya udah lah. Mau bales nanti malah dosa dia berkurang kan sayang *eh",1,"1"
"336","sadness","[USERNAME] [USERNAME] [USERNAME] Ada ya wartawan spt itu, kangen Adam Malik walau masih kecil saat beliau ada. Jurnalisme itu ilmu yg wajib dipahami dulu oleh pelaku industri press. Ada byk kaidah jurnalistik yg tdk longgar, ketat dan baku. Dilu",3,"3"
"337","anger","Itu buat siapapun, yg sering bilang kalo nggak mau kena "" sexual harassment "" jangan pakai baju sexy, pakai bikini dsb ! Please kita pake bikini ya sesuai tempat kok, toh ada juga yg pakai niqab, pakai seragam sekolah, pakai baju kantor dsb juga jadi korban",1,"3"
"338","sadness","cayo! go go! hahaha tidak-semangat sangat :( a jenuh gila belajar sendiri di kamar -_-",3,"3"
"339","anger","Jebakan kacung mu.HRS,imam besar ( bagi umat muslim).Tokoh agama.Prabowo mlkukan konsultasi keagamaan.Apanya yg turun kelas.Kelas bulu apa kelas bantam.Alkafirun jelas tdk paham,aplg politisi kelas ecek2.Modalnya fitnah maki2,nyinyir.Cuma itu. [URL]",1,"1"
"340","fear","[USERNAME] [USERNAME] masi bingung gue:(takut nanti ga dapet tiket:(((( kalo make jastip takutt tambahannya gede trs takut kena tipu juga:(((",2,"2"
"341","sadness","Kadang suka miris liat jalan di daerah2 ""pelosok"" yg dibangun sama Pemerintah Pusat. Gak nyediain pedestrian pisan.",3,"3"
"342","happy","Tapi walopun doi buka sekolah, isi video ignya tuh pengetahuan buat modelling semua. Wonder hasn't she think about all the pro model that could look into her profile instead and stole all the knowledge? Emang beda lah ya kalo orang humble",5,"1"
"343","happy","Saat itu, kami selalu optimis akan bisa bersaing dgn tim manapun, melihat persiapan dan panjangnya perjalanan yg sudah kami lalui. Terlebih melihat hasil pertandingan hari pertama dan kedua yang baru saja kami jalani.",5,"5"
"344","fear","Jadi gue ga berani masuk dari gerbang rumah plz itu serem bgt diliatin ayam jago nya gede bgt",2,"2"
"345","sadness","Cemburu melihat dia tengah bahagia dan membahagiakan kekasihnya, itu rasa yang salah. Kamu cukup paham, beberapa perasaan terpaksa harus kau sudahi sendiri",3,"3"
"346","sadness","Di Dm Marco Simic pake kata-kata senonoh marah, tapi aku ngeDm udah lama minta kenalan aja gapernah dibalas, duh mbak Via Vallen mah gitu orangnya huhu",3,"3"
"347","love","Sebenernya gue sayang, di stiap kali berpapasan.",4,"4"
"348","happy","keinget dulu smnggu sblum kompre tiap malam nangis trus seminggu sblum ukmmpd nangis cemas takut, gak tau apa2, minder sama kawan2skrng doa sudah terjawab, terimakasih yesusku",5,"3"
"349","anger","[USERNAME] [USERNAME] Sy ga krj krn hrs merawat ibu sy yg sdh pikun hanya jualan di rmh krn km hanya ber2.kl kln bl tega merampok cashback cmn sbgai uang mkn km jg ibu n anak buat apa kalian puasa?",1,"3"
"350","happy","[USERNAME] [USERNAME] Ini price list yang ada dari facebook nya mereka. Web nya di [URL] semoga membantu :)) Anyway ini myday yang biasanya sering karaoke disana [USERNAME] :)) [URL]",5,"5"
"351","sadness","Bukan ku menghindar atau tidak bijak dalam menyikapi masalah, namu hanya saja ingin menengankan pikiran sejenak dan tak ingin mementingkan ego tersendiri~",3,"5"
"352","sadness","[USERNAME] ya gimana ya lin, coba deh mbok pikir aja km sbnre msh sayang bgt sama mantanmu trs dia jg smpe dtk ini msh memperlakukan km sama seperti pas dia msh jd pacar mu, kan jd memupuk rasa lagi nek gt :(",3,"3"
"353","fear","Makin serem ya dunia ini... ga seindah yg gue bayangkan waktu kecil.. terlalu banyak org jahat, atau mungkin gue yg terlalu naif menganggap semua orang itu baik..",2,"3"
"354","love","Kau tak terganti, Kau yang selalu kunanti, Takkan ku lepas lagi. Pegang tanganku Bersama jatuh cinta Kali kedua pada yang sama Sama indahnya.. [URL]",4,"4"
"355","anger"," ""Mka.a jgn ngatain org klu gmau dikatain...jaga tuh ocehanmu.. Giliran dikatain bla bla bla.."" dibaca tuh sapa yg ngatain",1,"1"
"356","love","Mbak mau bawa barang bapak apa? Baju bapak? Tapi nnt tdk bisa dipake Mbak kalo baju ya. Sarung bapak mau? Sarung aja ya, yg biasa bapak pake ke masjid. Biar kalo kangen bisa dipake. Ibu ambilkan. Bu, semoga bisa ketemu lagi secepatnya ya. Ada cinta bapak di senyum ibu.",4,"4"
"357","love","Aku bahagia bersama Pisces, dan mencintai dengan tulus. Mencintai dengan apa adanya. Dan hanya dengan Pisces ku tak ingin lepas, apapun yang terjadi. Bahkan dulu jika ku disebut 'bodoh' pun aku rela. hahaha. memang cinta membuat buta.",4,"5"
"358","love","Penyemangat hidup aku adalah Ayah dan Ibu atau Keluargaku Terima kasih atas keluargaku Tak akan aku lupakan semua Dengan perkataan Keluargaku yang ku sayang",4,"5"
"359","sadness","Iya aku baru ingat dia dulu pernah lelah menunggu aku yang menganggapnya hanya teman, dan saat ini aku yang lelah menunggumu untuk kembali memelukku lagi.",3,"3"
"360","happy","Haha ga sih, kalo ditanya kapan nikah sih aku bakal jawab ""yah nanti dulu om/tante/bude/pakde/mas/mbak, baru kerja juga kok ya mau nabung dulu, nyiapin bekal buat berkeluarga dl hehe""",5,"5"
"361","anger","Kalau begal bagaimana pak polisi ? Terus pelaku nya kerusuhan tersebut apa hanya di bubarkan saja ? Kenapa tidak tembak mati saja. Agar jera tidak lakukan lagi.trims [URL]",1,"1"
"362","happy","duh sumpe ngakak hahaha jaman kalo ngetweet terus keliatan 'via blekberi' itu lo udah masuk kategori anak gaul tingkat international ya duh susah sih kalo knalpot dikasi nyawa mah begitu jadinya",5,"5"
"363","love","suka sama sifat protective-nya, bawelnya, manjanya, terus dia yg sayang banget sama Nako, cemburuan as always wkwk tapi ndapapa daddy Nako selalu sayang daddy kok ehehe",4,"4"
"364","happy","Nikmat dunia hanya sementara, Indahnya cinta hanya seketika, Indahnya mimpi itu belum pasti, Tetapi eratnya silaturahim, insyaallah dibawa sampai mati. Dari teman saya Prof. Rifai. Selamat malam tweeps. Jangan lupa berdoa sebelum tidur.",5,"5"
"365","anger","Karena yang komen julid begichu 1. juga pengen di DM sama si pelaku 2. Uda pernah di DM dan hayuk hayuk aja diajak enak enak  3. Otaknya kagak dipake, bayangin aja anak ente yang kena begitu Udalaah, susah nanggepin otak isinya dengkul cebong",1,"1"
"366","anger","Fisik? Apa itu yg kalian cari? Apa Kalo lu mati ditanya seberapa ganteng lu atau seberapa ganteng muka pacar lu? #menyedihkan sekali nasib anda",1,"3"
"367","sadness","Jadi Agustus itu 1. Jadwal pulang karena teman menikah 2. Agenda jalan bareng sama rekan kantor Dua pilihan yang sama-sama ingin ikut tapi gimanaaaaaaaaa... Padahal jarang banget aku nemu waktu pas dan hati mau ikut.",3,"5"
"368","anger","Ini!!! Banyak yang bilang milih sopir mobil harus yang bener, karena bisa membawamu masuk jurang. Lah kamu mau disopirin sama orang yang hafal 30 jus apa sama orang yang punya SIM A dan jam terbang tinggi? [URL]",1,"1"
"369","sadness","Level kangen tertinggi cewek itu suka ngambek g jelas. Kalo sering2 ngambek berarti lagi kangen kangennya. Tapi sayang cowok itu kadang g peka.....",3,"3"
"370","sadness","Secret admirer mah gitu Instagram difollback doi aja langsung bikin pengumuman ke temen temen. Padahal mah doi emang begitu orangnya. Suka follback siapapun yang follow dia. Ampe olshop pun mungkin juga difollback :( [URL]",3,"3"
"371","happy","Mencuci termos ala orang malas. Isi penuh dgn air mendidih. Tutup rapat 30 menit, buang airnya. Isi termos dgn air es. Termos dapat digunakan lagi seperti biasa",5,"5"
"372","happy","Makasih yang udah kasih info buat ini. Lemah teles, Gusti Allah sing mbales. Kayanya mau ke Musium BI atau PRJ aja sesuai info [USERNAME] [URL]",5,"5"
"373","sadness","200 mubalig versi Menag,sdh ditatar.Bahan ceramah hrs sesuai dgn Menag.Lucu juga.Ceramah terkendali.Jika para mubalig menolak Menag mundur.Iya dong,kalo [USERNAME] punya harga diri. [URL]",3,"5"
"374","sadness","Maafkan segala kekhilafan beliau semasa hidupnya. Beliau berpulang di bulan yang baik, semoga almarhum di tempatkan di tempat yang terbaik. Insyaallah Khusnul khatimah. Aamiin",3,"3"
"375","love","Selamat ulang tahun idolaku,masku sekaligus ebesku tercinta walaupun jarang ketemu tetep terselip doa untukmu semoga senantiasa diberi kesehatan,rezeki & kerendahan hati",4,"5"
"376","sadness","[USERNAME] [USERNAME] [USERNAME] Orang-orang PSI itu termasuk juga si [USERNAME] adalah ""anak baru"" di dunia politik yang ingin cepat populer dengan cara memancing orang-orang yang sudah populer untuk ber-interaksi dengan mereka. Kasihan deh ...... ",3,"3"
"377","fear","Tapi lebi goblo lagi pas Egi meninggal, pas masuk kelas mau pamit tementemen taunya yang gaada Mbak Sisil, uda pada syok keknya, ku yang mimbik-mimbik tapi pengen ngekek juga, ini aku yang goblo si",2,"3"
"378","fear","Ketika lo punya trust issues berlebihan terhadap sesuatu yg berbau cinta dan akhirnya cinta life lo gapernah berjalan mulus karena hanya penuh dengan ketidak percayaan.",2,"3"
"379","happy","Bismillah.. Pagi2 semangat berolahraga plus memberikan layanan kesehatan Gratis.. carfreedaycirebon .",5,"5"
"380","anger","Nelfon cs [USERNAME] disuruh tunggu untuk buat pelaporan, 7 menit and still go on tanpa kabar dari cs, cuma disuruh tunggu. Ngapain? Lama banget. Aneh",1,"1"
"381","fear","di kantor baru ditantang bikin marketing plan dan harus bisa bikin co-branding sama bank biru. takut ga bisa. belum tau gimana strateginya. dan gue udah kepalang resign di kantor sekarang. ",2,"2"
"382","anger","[USERNAME] Ya Allah...apa2 kok yg disalahin pres [USERNAME] ... Kayak presiden kurang kerjaan ya gaes, urusin sebuah foto...hadweehhh. Tp apa penting to foto itu? Bukan 'jimat' to?",1,"1"
"383","anger","Yth DP BPIP [USERNAME] Sangat berat menyandang gelar ""Pancasilais"".. Klo ""saya berusaha jadi Pancasilais"" itu baru oyeeee Seseorang bisa disebut ""Pancasilais"" bila dapat melaksanakan 36 butir nilai Pancasila dengan benar dan mendekati sempurna.",1,"3"
"384","love","[USERNAME] gue sayang banget banget banget kenapa ya kalo sama iKON baru kali ini rasanya ngestan yang bener bener sayang banget tapi kek kerasa disayaaaang balik banget sama merekanya. jadi aku makin sayang dan gabisa lepas. GIMANA JELASINNYA YA TAPI",4,"4"
"385","happy","Terima kasih yak buat kakak* diJakarta n Surabaya yg udh luangin waktunya buat meetup.. hehehehee , so sekarang saatnya off , sampai ketemu akhir bulan ya di Balikpapan dan Denpasar... GBU all",5,"5"
"386","happy","Setuju pak jangan korupsi jadi anda tak takut bicara karena takut ditelanjangi dan berani bicara benar seperti bapak. [URL]",5,"5"
"387","love","Apa itu cinta? . Cinta... Adalah Ali, ketika dia berbaring tidur menggantikan Rasulullah Saw di kasur Nabi, padahal dia tahu bahwa sekelompok orang telah berkumpul untuk membunuh Rasulullah Saw, dia juga tahu bahwa dia mungkin saja tewas di kasur yang sama!! .",4,"4"
"388","anger","Pray for bla bla bla Save bla bla bla Emmm itu doa beneran ga? Apa cuma pansol? Taek! Soksokan iba tp apa? Ditanyain masalah yg lu ibakan aja kga tau!!! Ooo biar elu dibilang org paling care sedunia gitu? Hmm tp klo dunia maya yaaaa taek!",1,"1"
"389","sadness","Gabisa tidur! Males bongkarin, tidur pake jeans, berharap segera pagi. Pagi tiba, lgsg naik bus pertama yg lewat depan kos. dengan koper2ku. Sampe Malang dg kudu nangis. Takkusangka ada travel agent yg sedemikian busyuuk.",3,"3"
"390","anger","[USERNAME] Nyerang fansite suruh take down semua foto pas konser. Sampe nyuruh fansite tutup aja. Kalo fansite tutup ya sumber atm mereka tutup juga lah hahaha.",1,"1"
"391","love","[USERNAME] gue juga gitu ke semua orang apalagi orangtua. makin hari makin tua dan gue gatau mereka sadar apa engga kalo gua sayang sama mereka. anjir payah bgt gaktuh gue tapi beda kalo ke kakak atau pacar (kalo lagi punya), ekspresiinnya lebih gampang",4,"3"
"392","sadness","Ngebahas travel sm si eman membuka luka lama.. dari serangkaian luka yg bisa dibuat agen travel dan oknum2nya, What the worst can happen to you?",3,"3"
"393","anger","Jadi nomor yang hangus itu tdk bisa dipakai lagi atau disetting kembali di kartu baru min? *Maap nah min, masih kekeh pertanyaannya* [USERNAME]",1,"3"
"394","happy","Untuk para sahabat dan guru #pakarkomunikasi neniyulianita dr ani dan teman teman akademisi ""Selamat Milad fikom_unisba ke 35"" semoga lulusan FIKOM UNISBA semakin berkualitas",5,"5"
"395","sadness","Turut berduka atas saudara yang terkena gempa di Lombok, semoga lekas membaik. Meskipun trauma yang terendap tak semudah itu menghilang dari dalam diri Aamiin ~",3,"3"
"396","anger","Semakin terang, semakin jelas betapa busuknya orang yang menjatuhkan & memenjarakan Ahok berkedok agama! Sesunguhnya mereka orang paling jahat setara setan iblis sebab agama pun dijadikan kedok mengelabui umat! Hanya orang2 dungu",1,"1"
"397","fear","Untung ada aa2 berdua ngebantuin itu posisi di tengah2 gelap, sendiri, bener2 gaada siapa2 sampe nyalain senter hp takut ada org dan sejenis nyaaa",2,"2"
"398","happy","Kalau tau ada libur panjang - selain lebaran - tuh rasanya pengen cepet gendong cerrier pake sepatu trus pergi, ketemu alam dan berdamai dengannya,",5,"5"
"399","sadness","iya, kamu laki-laki, sang pengambil keputusan. tapi kan aku juga ingin dianggap, diajak berdiskusi, dimintai pendapat, diajak mencari jalan keluar, atau sekadar ditenangkan kecemasannya. aku ini ada. jangan hidup sendiri. [USERNAME]",3,"3"
"400","sadness","Nggada sinyal di rumah, membuatku banyak berfikir, berfikir doank tapi, pikiran ke mana mana, random.. Tapi pasti ada dia :(",3,"3"
"401","fear","[USERNAME] Anti bank bank club. Gue jadi kepo infonya dah Risen lo ja, makan duit riba tuh. Salah satu rekan kita, pria paling menawan sekampus ae berani memutuskan untuk risen biar ga makan duit riba ckck",2,"3"
"402","happy","Selamat kepada kang Emil dan kang Uu atas amanah dari warga Jabar utk memimpin 5 tahun kedepan ... Tdk ada yang menang dan tdk ada yg kalah, yang ada adalah Warga menginginkan adanya",5,"5"
"403","fear","Un sd gatakut samsek, un smp mayan dah degdegan, un sma panik panik ajaib. Eh pas udah sampe tugas akhir tbtb kepikiran semuanya. Ngeri ga luluslah daftar sidang kapanlah abis lulus kerja dimana lah. Yaampon",2,"2"
"404","happy","[USERNAME] No no no jangan gitu dongss~ tiap org tu punya pesonanya masing2, mungkin kamu menganggap dirimu tydack cantik tp orang mengganggap kamu cantik dr sudut perspektif mereka & cantik tu ga mesti dari luar uwu",5,"5"
"405","anger","Tak tahu. Fine. Tapi kalo selalu bilang tak tahu kok jadinya seperti nggak ngerti atau cari aman ? Ah SUdahlah. . . Maju kotanya Bahagia warganya",1,"5"
"406","sadness","bangun bangun ngeliat post an jay kek gitu... belom kerasa sakitnya nih. ntar liat aja pas malem malem, gua ngeratapin fotonya sekaligus mau nangis pasti.",3,"3"
"407","sadness","Ada yang hancur karena sifat sombong, ada juga yang hancur karena ditinggalin pas lagi sayang-sayangnya",3,"3"
"408","fear","aku cantik loh pacarnya acong jangan ganggu ganggu ya",2,"5"
"409","sadness","Diobral"". Pada jomblo semua nih. Dua depan baru pada putus, satu belakang dah gk tahu dari kapan jomblonya. with [USERNAME] dan satu lagi katanya gk mau di mantion. [URL]",3,"3"
"410","fear","Pria ini seram juga ya, selain ekspresinya seram tutur kata yang keluar juga sangat menohok. Ah baiklah-baiklah etto iie Juvia hanya memastikan kalau tidak salah orang",2,"3"
"411","love","Seperti yang kamu tau, seperti yang sudah saya bilang. Saya jatuh hati sama kamu karena jawaban-jawaban yang kamu kasih sewaktu main truth or truth. Jatuh cinta sesimpel itu? I think yess. Because you're so special. Yaudah, enggak usah malu malu gitu ah. [URL]",4,"4"
"412","fear","Ada khabar kasus tuduhan chat mesum terhadap Imam Besar Habib Rizieq sdh dihentikan, mohon bantu doa semoga benar adanya. Semoga kesucian Ramadhan membuka mata hati bapak2 kita yg menyidik.amin",2,"3"
"413","happy","Namanya juga perasaan, gabisa dibohongin, karena biasanya yang bikin jatuh cinta dan yang bikin nyaman itu orangnya beda, cewe sama cowo misalnya :) Selamat sore, jangan lupa minum :) Minum yakult tiap hari [URL]",5,"5"
"414","sadness","Berhari-hari tidur jam 1 jam 2 terus. Kayaknya emang bawaan aja ngga bisa tidur cepet ga tau kenapa padahal cape tapi gedebugan doang ngga bisa tidur",3,"3"
"415","happy","tapiii efeknya baru kerasa sekarang :"") mukaku jadi tipe muka yang less problem gt hehe yang kalo jerawatan cuma pas pms doang kalopun lg breakout ilangnya cepet padahal cm dibiarin doang dan ga minyakan :"")",5,"5"
"416","happy","Precious feeling gue bener pasti dapet rappline. Pas, buka ehh beneran dapet mas namjoon sama koh yoong seneng banget aku tuh",5,"5"
"417","happy","Dulu nisanya masih cimit-cimit gak ngerti arti effort... Tapi sekarang, klean semuah membuatkuh bangga!!! Apalagi yang baru-baru pada lulus skrng pen bgt disembur satu-satu pake jampe-jampe buat selalu terjaga semangat berjuang ditengah badai2 kehidupan nantinya!",5,"5"
"418","fear","serem,baru buka fb eh ada notif banyak bener ini cowo ngelike semua2nya dari awal w buat fb sampe sekarang :) terus ngechat2 ga jelas,please leave me alone",2,"2"
"419","love","sayang banget sama SM, ya habisnya bisa nemu jaemin. coba kalo dulu jaemin ga di rekrut, mungkin aku tidak bisa menikmati senyumnya yang indah. CIAAAAAAAAA",4,"5"
"420","sadness","ter-oon emang ada yang 540 kenapa download yang 720 sihhh. Abis kan 1GB, padahal buat download about time eps 06 sama miss hammburabi eps 06 juga",3,"3"
"421","fear","[USERNAME] Lagi main di rumah temen tuh. Pas pipis liat cd udah merah gitu. Langsung izin pulang bilangnya mendadak sakit Pas sampe rumah bilang, ""itu""kakak berdarah mah. Takut. Soalnya emang pas main jatuh. Pas diliat dibilang mens. Hue besoknya pe",2,"2"
"422","anger","[USERNAME] monggo di perbaiki, KRL jurusan bekasi, cikarang, Bogor, tanah abang, memang seperti hutan, siapa kuat dia yang menang. Cc [USERNAME] [USERNAME] [USERNAME] [URL]",1,"3"
"423","anger","[USERNAME] [USERNAME] [USERNAME] [USERNAME] [USERNAME] [USERNAME] [USERNAME] [USERNAME] [USERNAME] [USERNAME] [USERNAME] Udah bosan hidup bebas kali ya...minta ditangkap dan dipenjara..tunggu saja",1,"1"
"424","happy","Panjang umur, murah rezeki dengan silaturrahmi. #BukberMendesa [USERNAME] [USERNAME] [USERNAME] [USERNAME] [USERNAME] [USERNAME] [URL]",5,"5"
"425","happy","Alhamdulillahi Rabbil 'alamin.. Terimakasih atas segenap dukungan dan doa semua keluarga dan kerabat, telah lahir putra kami hari ini 9 Juli 2018 pukul 9.28 dengan berat 3,55Kg @ Rumah [URL]",5,"5"
"426","happy","#SalamSaum #SobaTani Ekspor komoditas perkebunan kita naik 26.5 % dari Tahun 2016 sd 2017. Keren buat #PetaniKita",5,"5"
"427","love","Cinta yang baik juga harus bisa membuatmu menjadi lebih baik dari sebelumnya. Bila cintamu membuat hidupmu lebih buruk, maka jangan takut untuk melepaskannya pergi.",4,"4"
"428","happy","[USERNAME] [USERNAME] Kirim salam buat @8rianna_ Pergi berlibur membeli celana, kuping sakit karena berisik, lihat ini sahur ada Brianna, walaupun kepala pusing jadi tetep asik. #IniSahurTIKETCOMHariKe20",5,"5"
"429","happy","Saya dapat surga dunia dikamar, serasa beneran dapat surga akhirat. Itu semua karena wifi. Terima kasih telkom. Suasananya bener2 surgaaaaa. Saya mau surga dunia saya ini kayak gini disurga akhirat. Enaaak. Saya udh pakai ratusan kali wifi di rumah. Pakai ya semua warga Indonesia",5,"5"
"430","love","Oppa yang sekarang... Tetep sama! Selalu dengerin curhatan aku, tentang hal-hal gak penting bahkan sampe yang penting banget. Sayang sama aku, dan lebih hati-hati sama sekitar. Pertahankan",4,"5"
"431","anger","[USERNAME] [USERNAME] RejimPANIK? - Ulama kami kalian kriminalisasi, saudara kami kalian bacok, rumah sahabat kami kalian lempar bom, mobil bunda kami kalian bakar...maunya apa sih? Kami tidak akan takut, apalagi mundur.. #2019GantiPresiden",1,"1"
"432","sadness","Innalillahi wainna ilaihi roji'un Pak Undang Dasuki, salah satu dosen terbaik telah berpulang. Semangatnya harus bisa ditiru oleh siapapun yang mengenalnya.",3,"3"
"433","anger","lhahhh kok gtu? mau dpet duitnya tp ga ngerjain kerjanya org lama pc situ kah? ga enak ketua pc nya. mentang2 kamu baru digituin ya. sabar2 ra. senyumin aja",1,"5"
"434","fear","Mana adaaaa, eh ada ding tapi nggak ah, takut disini daerah rawan. Kalau keluar malem aja, pulangnya dianterin rame2 saking rawannya",2,"2"
"435","fear","[USERNAME] Sebelumnya saya bayar pakai tokopedia, dan di laporannya tercantum kode iuran 9180 sekian-sekian.. apakah yang dimaksud kode iuran adalah nomer itu?",2,"3"
"436","sadness","Ramadhan udah masuk hari yang ke-20 aja. tapi saya? masih gini gini aja, ga ada perubahan. padahal gatau taun depan saya masih ada apa ngga buat ketemu sama ramadhan #IslahDiri",3,"3"
"437","sadness","kalo gue sik emang abis kehilangan seseorang yang deket, ya bisa dibilang cuman tahap bangunin sahur-zone lah, ahhhhhhh sial, tayo tayo!!! bener apa kata u bang emang jadi gila.",3,"3"
"438","fear","aku dong malem ini checkup darah,, ok warning untuk tensi dan kolesterol ..terus kenapa pusingnya ya dok ??spertinya gejala maag ..oh gitu tp aku ngetik ini sambil nyruput kopi",2,"3"
"439","anger","Dan besok musti pagi2 tangsel-bogor.. Dan (lagi) gabisa ngtap pake emoney etc. Dan (lagi) harus pake antri beli tiket kertas DAN (LAGI) BESOK SENIN",1,"3"
"440","happy","Pelayaran Aman, Selamat, Tertib dan Nyaman Pastinya ! Repost [USERNAME] [USERNAME] [USERNAME] #mudikbarengguyubrukun2018 #kawulamoda #lebaran2018 [URL]",5,"5"
